的;ㄉㄧˊ
是;ㄕˋ
一;ㄧ
不;ㄅㄨˋ
有;ㄧㄡˇ
在;ㄗㄞˋ
人;ㄖㄣˊ
我;ㄨㄛˇ
這;ㄓㄜˋ
了;ㄌㄧㄠˇ
以;ㄧˇ
大;ㄉㄚˋ
個;ㄍㄜˋ
會;ㄏㄨㄟˋ
為;ㄨㄟˊ
來;ㄌㄞˊ
就;ㄐㄧㄡˋ
到;ㄉㄠˋ
他;ㄊㄚ
要;ㄧㄠˋ
時;ㄕˊ
上;ㄕㄤˋ
中;ㄓㄨㄥ
年;ㄋㄧㄢˊ
國;ㄍㄨㄛˊ
也;ㄧㄝˇ
可;ㄎㄜˇ
出;ㄔㄨ
能;ㄋㄥˊ
們;ㄇㄣˊ
成;ㄔㄥˊ
生;ㄕㄥ
多;ㄉㄨㄛ
後;ㄏㄡˋ
自;ㄗˋ
對;ㄉㄨㄟˋ
都;ㄉㄨ
家;ㄐㄧㄚ
過;ㄍㄨㄛˋ
下;ㄒㄧㄚˋ
好;ㄏㄠˇ
說;ㄕㄨㄛ
與;ㄩˇ
得;ㄉㄜˊ
地;ㄉㄧˋ
台;ㄊㄞˊ
你;ㄋㄧˇ
子;ㄗˇ
用;ㄩㄥˋ
學;ㄒㄩㄝˊ
現;ㄒㄧㄢˋ
發;ㄈㄚ
和;ㄏㄜˊ
因;ㄧㄣ
而;ㄦˊ
動;ㄉㄨㄥˋ
天;ㄊㄧㄢ
之;ㄓ
還;ㄏㄨㄢˊ
所;ㄙㄨㄛˇ
分;ㄈㄣ
最;ㄗㄨㄟˋ
但;ㄉㄢˋ
很;ㄏㄣˇ
當;ㄉㄤ
小;ㄒㄧㄠˇ
於;ㄩˊ
開;ㄎㄞ
方;ㄈㄤ
行;ㄒㄧㄥˊ
心;ㄒㄧㄣ
法;ㄈㄚˇ
作;ㄗㄨㄛˋ
那;ㄋㄚˋ
如;ㄖㄨˊ
沒;ㄇㄟˊ
前;ㄑㄧㄢˊ
然;ㄖㄢˊ
看;ㄎㄢˋ
力;ㄌㄧˋ
經;ㄐㄧㄥ
事;ㄕˋ
想;ㄒㄧㄤˇ
高;ㄍㄠ
面;ㄇㄧㄢˋ
長;ㄔㄤˊ
著;ㄓㄨˋ
麼;ㄇㄜ˙
本;ㄅㄣˇ
去;ㄑㄩˋ
美;ㄇㄟˇ
同;ㄊㄨㄥˊ
公;ㄍㄨㄥ
其;ㄑㄧˊ
定;ㄉㄧㄥˋ
起;ㄑㄧˇ
外;ㄨㄞˋ
體;ㄊㄧˇ
讓;ㄖㄤˋ
民;ㄇㄧㄣˊ
全;ㄑㄩㄢˊ
日;ㄖˋ
只;ㄓ
實;ㄕˊ
點;ㄉㄧㄢˇ
重;ㄓㄨㄥˋ
間;ㄐㄧㄢ
新;ㄒㄧㄣ
進;ㄐㄧㄣˋ
樣;ㄧㄤˋ
或;ㄏㄨㄛˋ
部;ㄅㄨˋ
十;ㄕˊ
場;ㄔㄤˊ
業;ㄧㄝˋ
感;ㄍㄢˇ
加;ㄐㄧㄚ
更;ㄍㄥ
等;ㄉㄥˇ
手;ㄕㄡˇ
度;ㄉㄨˋ
三;ㄙㄢ
種;ㄓㄨㄥˇ
無;ㄨˊ
己;ㄐㄧˇ
文;ㄨㄣˊ
果;ㄍㄨㄛˇ
機;ㄐㄧ
從;ㄘㄨㄥˊ
灣;ㄨㄢ
理;ㄌㄧˇ
主;ㄓㄨˇ
意;ㄧˋ
情;ㄑㄧㄥˊ
市;ㄕˋ
比;ㄅㄧˇ
水;ㄕㄨㄟˇ
做;ㄗㄨㄛˋ
將;ㄐㄧㄤ
道;ㄉㄠˋ
此;ㄘˇ
二;ㄦˋ
化;ㄏㄨㄚˋ
些;ㄒㄧㄝ
兩;ㄌㄧㄤˇ
及;ㄐㄧˊ
常;ㄔㄤˊ
政;ㄓㄥˋ
者;ㄓㄜˇ
身;ㄕㄣ
性;ㄒㄧㄥˋ
物;ㄨˋ
工;ㄍㄨㄥ
裡;ㄌㄧˇ
相;ㄒㄧㄤ
品;ㄆㄧㄣˇ
合;ㄏㄜˊ
入;ㄖㄨˋ
代;ㄉㄞˋ
金;ㄐㄧㄣ
表;ㄅㄧㄠˇ
關;ㄍㄨㄢ
次;ㄘˋ
內;ㄋㄟˋ
被;ㄅㄟˋ
位;ㄨㄟˋ
再;ㄗㄞˋ
正;ㄓㄥˋ
應;ㄧㄥ
式;ㄕˋ
氣;ㄑㄧˋ
名;ㄇㄧㄥˊ
才;ㄘㄞˊ
選;ㄒㄩㄢˇ
變;ㄅㄧㄢˋ
她;ㄊㄚ
第;ㄉㄧˋ
回;ㄏㄨㄟˊ
期;ㄑㄧ
已;ㄧˇ
像;ㄒㄧㄤˋ
月;ㄩㄝˋ
老;ㄌㄠˇ
明;ㄇㄧㄥˊ
頭;ㄊㄡˊ
提;ㄊㄧˊ
跟;ㄍㄣ
教;ㄐㄧㄠˋ
資;ㄗ
產;ㄔㄢˇ
色;ㄙㄜˋ
利;ㄌㄧˋ
樂;ㄌㄜˋ
特;ㄊㄜˋ
立;ㄌㄧˋ
受;ㄕㄡˋ
活;ㄏㄨㄛˊ
並;ㄅㄧㄥˋ
原;ㄩㄢˊ
電;ㄉㄧㄢˋ
打;ㄉㄚˇ
由;ㄧㄡˊ
每;ㄇㄟˇ
問;ㄨㄣˋ
把;ㄅㄚˇ
覺;ㄐㄩㄝˊ
知;ㄓ
量;ㄌㄧㄤˊ
運;ㄩㄣˋ
真;ㄓㄣ
什;ㄕˊ
太;ㄊㄞˋ
影;ㄧㄥˇ
平;ㄆㄧㄥˊ
世;ㄕˋ
愛;ㄞˋ
數;ㄕㄨˋ
風;ㄈㄥ
保;ㄅㄠˇ
接;ㄐㄧㄝ
少;ㄕㄠˇ
五;ㄨˇ
統;ㄊㄨㄥˇ
女;n锟斤拷
路;ㄌㄨˋ
總;ㄗㄨㄥˇ
結;ㄐㄧㄝˊ
別;ㄅㄧㄝˊ
至;ㄓˋ
北;ㄅㄟˇ
車;ㄔㄜ
題;ㄊㄧˊ
造;ㄗㄠˋ
四;ㄙˋ
計;ㄐㄧˋ
元;ㄩㄢˊ
畫;ㄏㄨㄚˋ
光;ㄍㄨㄤ
先;ㄒㄧㄢ
海;ㄏㄞˇ
又;ㄧㄡˋ
直;ㄓˊ
認;ㄖㄣˋ
師;ㄕ
通;ㄊㄨㄥ
今;ㄐㄧㄣ
解;ㄐㄧㄝˇ
戰;ㄓㄢˋ
給;ㄍㄟˇ
使;ㄕˇ
空;ㄎㄨㄥ
球;ㄑㄧㄡˊ
候;ㄏㄡˋ
展;ㄓㄢˇ
安;ㄢ
各;ㄍㄜˋ
口;ㄎㄡˇ
許;ㄒㄩˇ
它;ㄊㄚ
完;ㄨㄢˊ
放;ㄈㄤˋ
區;ㄑㄩ
則;ㄗㄜˊ
花;ㄏㄨㄚ
近;ㄐㄧㄣˋ
始;ㄕˇ
單;ㄉㄢ
吃;ㄔ
界;ㄐㄧㄝˋ
持;ㄔˊ
建;ㄐㄧㄢˋ
整;ㄓㄥˇ
西;ㄒㄧ
目;ㄇㄨˋ
程;ㄔㄥˊ
卻;ㄑㄩㄝˋ
處;ㄔㄨˇ
較;ㄐㄧㄠˋ
話;ㄏㄨㄚˋ
任;ㄖㄣˋ
員;ㄩㄢˊ
包;ㄅㄠ
南;ㄋㄢˊ
強;ㄑㄧㄤˊ
非;ㄈㄟ
帶;ㄉㄞˋ
演;ㄧㄢˇ
向;ㄒㄧㄤˋ
幾;ㄐㄧ
傳;ㄔㄨㄢˊ
馬;ㄇㄚˇ
軍;ㄐㄩㄣ
創;ㄔㄨㄤˋ
萬;ㄨㄢˋ
調;ㄉㄧㄠˋ
價;ㄐㄧㄚˋ
清;ㄑㄧㄥ
社;ㄕㄜˋ
見;ㄐㄧㄢˋ
東;ㄉㄨㄥ
書;ㄕㄨ
投;ㄊㄡˊ
白;ㄅㄞˊ
觀;ㄍㄨㄢ
指;ㄓˇ
友;ㄧㄡˇ
設;ㄕㄜˋ
管;ㄍㄨㄢˇ
反;ㄈㄢˇ
基;ㄐㄧ
百;ㄅㄞˇ
孩;ㄏㄞˊ
形;ㄒㄧㄥˊ
質;ㄓˋ
交;ㄐㄧㄠ
該;ㄍㄞ
連;ㄌㄧㄢˊ
食;ㄕˊ
流;ㄌㄧㄡˊ
且;ㄑㄧㄝˇ
邊;ㄅㄧㄢ
術;ㄕㄨˋ
走;ㄗㄡˇ
型;ㄒㄧㄥˊ
達;ㄉㄚˊ
收;ㄕㄡ
難;ㄋㄢˊ
何;ㄏㄜˊ
信;ㄒㄧㄣˋ
眼;ㄧㄢˇ
議;ㄧˋ
音;ㄧㄣ
望;ㄨㄤˋ
除;ㄔㄨˊ
線;ㄒㄧㄢˋ
神;ㄕㄣˊ
味;ㄨㄟˋ
隊;ㄉㄨㄟˋ
需;ㄒㄩ
務;ㄨˋ
斯;ㄙ
山;ㄕㄢ
導;ㄉㄠˇ
求;ㄑㄧㄡˊ
容;ㄖㄨㄥˊ
九;ㄐㄧㄡˇ
團;ㄊㄨㄢˊ
推;ㄊㄨㄟ
滿;ㄇㄢˇ
商;ㄕㄤ
未;ㄨㄟˋ
往;ㄨㄤˇ
改;ㄍㄞˇ
易;ㄧˋ
快;ㄎㄨㄞˋ
德;ㄉㄜˊ
治;ㄓˋ
英;ㄧㄥ
習;ㄒㄧˊ
股;ㄍㄨˇ
片;ㄆㄧㄢˋ
張;ㄓㄤ
約;ㄩㄝ
八;ㄅㄚ
王;ㄨㄤˊ
義;ㄧˋ
熱;ㄖㄜˋ
費;ㄈㄟˋ
案;ㄢˋ
件;ㄐㄧㄢˋ
門;ㄇㄣˊ
參;ㄘㄢ
記;ㄐㄧˋ
親;ㄑㄧㄣ
制;ㄓˋ
料;ㄌㄧㄠˋ
辦;ㄅㄢˋ
藝;ㄧˋ
論;ㄌㄨㄣˋ
專;ㄓㄨㄢ
黨;ㄉㄤˇ
客;ㄎㄜˋ
類;ㄌㄟˋ
院;ㄩㄢˋ
續;ㄒㄩˋ
取;ㄑㄩˇ
眾;ㄓㄨㄥˋ
拉;ㄌㄚ
考;ㄎㄠˇ
權;ㄑㄩㄢˊ
決;ㄐㄩㄝˊ
低;ㄉㄧ
格;ㄍㄜˊ
府;ㄈㄨˇ
視;ㄕˋ
必;ㄅㄧˋ
轉;ㄓㄨㄢˇ
司;ㄙ
照;ㄓㄠˋ
首;ㄕㄡˇ
服;ㄈㄨˊ
失;ㄕ
節;ㄐㄧㄝˊ
輕;ㄑㄧㄥ
林;ㄌㄧㄣˊ
網;ㄨㄤˇ
共;ㄍㄨㄥˋ
示;ㄕˋ
即;ㄐㄧˊ
告;ㄍㄠˋ
超;ㄔㄠ
六;ㄌㄧㄡˋ
局;ㄐㄩˊ
星;ㄒㄧㄥ
店;ㄉㄧㄢˋ
裝;ㄓㄨㄤ
狀;ㄓㄨㄤˋ
喜;ㄒㄧˇ
賽;ㄙㄞˋ
具;ㄐㄩˋ
請;ㄑㄧㄥˇ
思;ㄙ
聽;ㄊㄧㄥ
助;ㄓㄨˋ
越;ㄩㄝˋ
營;ㄧㄥˊ
臺;ㄊㄞˊ
系;ㄒㄧˋ
嗎;ㄇㄚˊ
圖;ㄊㄨˊ
透;ㄊㄡˋ
步;ㄅㄨˋ
維;ㄨㄟˊ
便;ㄅㄧㄢˋ
標;ㄅㄧㄠ
住;ㄓㄨˋ
深;ㄕㄣ
例;ㄌㄧˋ
科;ㄎㄜ
精;ㄐㄧㄥ
早;ㄗㄠˇ
病;ㄅㄧㄥˋ
克;ㄎㄜˋ
角;ㄐㄧㄠˇ
率;ㄕㄨㄞˋ
另;ㄌㄧㄥˋ
組;ㄗㄨˇ
昨;ㄗㄨㄛˊ
報;ㄅㄠˋ
效;ㄒㄧㄠˋ
歡;ㄏㄨㄢ
士;ㄕˋ
找;ㄓㄠˇ
引;ㄧㄣˇ
講;ㄐㄧㄤˇ
條;ㄊㄧㄠˊ
響;ㄒㄧㄤˇ
希;ㄒㄧ
規;ㄍㄨㄟ
算;ㄙㄨㄢˋ
房;ㄈㄤˊ
華;ㄏㄨㄚˊ
媽;ㄇㄚ
際;ㄐㄧˋ
離;ㄌㄧˊ
七;ㄑㄧ
阿;ㄚ
功;ㄍㄨㄥ
聲;ㄕㄥ
言;ㄧㄢˊ
消;ㄒㄧㄠ
象;ㄒㄧㄤˋ
排;ㄆㄞˊ
育;ㄩˋ
舉;ㄐㄩˇ
怎;ㄗㄣˇ
勢;ㄕˋ
準;ㄓㄨㄣˇ
確;ㄑㄩㄝˋ
曾;ㄗㄥ
兒;ㄦˊ
製;ㄓˋ
史;ㄕˇ
肉;ㄖㄡˋ
支;ㄓ
配;ㄆㄟˋ
買;ㄇㄞˇ
底;ㄉㄧˇ
領;ㄌㄧㄥˇ
稱;ㄔㄥ
段;ㄉㄨㄢˋ
態;ㄊㄞˋ
紅;ㄏㄨㄥˊ
境;ㄐㄧㄥˋ
亞;ㄧㄚˋ
醫;ㄧ
千;ㄑㄧㄢ
增;ㄗㄥ
環;ㄏㄨㄢˊ
雖;ㄙㄨㄟ
字;ㄗˋ
錢;ㄑㄧㄢˊ
技;ㄐㄧˋ
命;ㄇㄧㄥˋ
男;ㄋㄢˊ
驗;ㄧㄢˋ
布;ㄅㄨˋ
幫;ㄅㄤ
景;ㄐㄧㄥˇ
級;ㄐㄧˊ
票;ㄆㄧㄠˋ
校;ㄒㄧㄠˋ
備;ㄅㄟˋ
落;ㄌㄨㄛˋ
根;ㄍㄣ
預;ㄩˋ
細;ㄒㄧˋ
研;ㄧㄢˊ
呢;ㄋㄧˊ
素;ㄙㄨˋ
火;ㄏㄨㄛˇ
隨;ㄙㄨㄟˊ
歲;ㄙㄨㄟˋ
聯;ㄌㄧㄢˊ
劇;ㄐㄩˋ
香;ㄒㄧㄤ
半;ㄅㄢˋ
歷;ㄌㄧˋ
黑;ㄏㄟ
故;ㄍㄨˋ
拿;ㄋㄚˊ
陳;ㄔㄣˊ
遠;ㄩㄢˇ
養;ㄧㄤˇ
存;ㄘㄨㄣˊ
夠;ㄍㄡˋ
黃;ㄏㄨㄤˊ
足;ㄗㄨˊ
遊;ㄧㄡˊ
試;ㄕˋ
園;ㄩㄢˊ
升;ㄕㄥ
器;ㄑㄧˋ
若;ㄖㄨㄛˋ
站;ㄓㄢˋ
據;ㄐㄩˋ
周;ㄓㄡ
油;ㄧㄡˊ
速;ㄙㄨˋ
究;ㄐㄧㄡ
溫;ㄨㄣ
寫;ㄒㄧㄝˇ
餐;ㄘㄢ
紀;ㄐㄧˋ
甚;ㄕㄣˋ
防;ㄈㄤˊ
雙;ㄕㄨㄤ
念;ㄋㄧㄢˋ
須;ㄒㄩ
爭;ㄓㄥ
朋;ㄆㄥˊ
極;ㄐㄧˊ
值;ㄓˊ
曲;ㄑㄩ
獲;ㄏㄨㄛˋ
剛;ㄍㄤ
留;ㄌㄧㄡˊ
集;ㄐㄧˊ
列;ㄌㄧㄝˋ
錯;ㄘㄨㄛˋ
致;ㄓˋ
號;ㄏㄠˋ
況;ㄎㄨㄤˋ
官;ㄍㄨㄢ
識;ㄕˊ
練;ㄌㄧㄢˋ
斷;ㄉㄨㄢˋ
源;ㄩㄢˊ
待;ㄉㄞˋ
巴;ㄅㄚ
卡;ㄑㄧㄚˇ
陸;ㄌㄨˋ
顯;ㄒㄧㄢˇ
減;ㄐㄧㄢˇ
群;ㄑㄩㄣˊ
終;ㄓㄨㄥ
濟;ㄐㄧˋ
般;ㄅㄢ
適;ㄕˋ
檢;ㄐㄧㄢˇ
寶;ㄅㄠˇ
壓;ㄧㄚ
古;ㄍㄨˇ
舞;ㄨˇ
查;ㄔㄚˊ
模;ㄇㄛˊ
賣;ㄇㄞˋ
否;ㄈㄡˇ
菜;ㄘㄞˋ
慢;ㄇㄢˋ
依;ㄧ
皮;ㄆㄧˊ
修;ㄒㄧㄡ
母;ㄇㄨˇ
傷;ㄕㄤ
興;ㄒㄧㄥ
拍;ㄆㄞ
跑;ㄆㄠˇ
屬;ㄕㄨˇ
歐;ㄡ
蛋;ㄉㄢˋ
父;ㄈㄨˋ
獨;ㄉㄨˊ
差;ㄔㄚˋ
乎;ㄏㄨ
切;ㄑㄧㄝ
擊;ㄐㄧ
穿;ㄔㄨㄢ
害;ㄏㄞˋ
爾;ㄦˇ
土;ㄊㄨˇ
腦;ㄋㄠˇ
係;ㄒㄧˋ
吸;ㄒㄧ
蘭;ㄌㄢˊ
微;ㄨㄟ
證;ㄓㄥˋ
鐵;ㄊㄧㄝˇ
優;ㄧㄡ
職;ㄓˊ
免;ㄇㄧㄢˇ
波;ㄅㄛ
死;ㄙˇ
息;ㄒㄧ
課;ㄎㄜˋ
擔;ㄉㄢ
刻;ㄎㄜˋ
血;ㄒㄩㄝˋ
積;ㄐㄧ
印;ㄧㄣˋ
粉;ㄈㄣˇ
歌;ㄍㄜ
痛;ㄊㄨㄥˋ
供;ㄍㄨㄥ
破;ㄆㄛˋ
項;ㄒㄧㄤˋ
仍;ㄖㄥˊ
謝;ㄒㄧㄝˋ
僅;ㄐㄧㄣˇ
笑;ㄒㄧㄠˋ
啊;ㄚ
晚;ㄨㄢˇ
委;ㄨㄟˇ
季;ㄐㄧˋ
護;ㄏㄨˋ
企;ㄑㄧˇ
牌;ㄆㄞˊ
材;ㄘㄞˊ
青;ㄑㄧㄥ
戶;ㄏㄨˋ
層;ㄘㄥˊ
換;ㄏㄨㄢˋ
假;ㄐㄧㄚˇ
初;ㄔㄨ
限;ㄒㄧㄢˋ
妳;妳
李;ㄌㄧˇ
降;ㄐㄧㄤˋ
富;ㄈㄨˋ
福;ㄈㄨˊ
語;ㄩˇ
注;ㄓㄨˋ
里;ㄌㄧˇ
飛;ㄈㄟ
戲;ㄒㄧˋ
久;ㄐㄧㄡˇ
雄;ㄒㄩㄥˊ
簡;ㄐㄧㄢˇ
奇;ㄑㄧˊ
典;ㄉㄧㄢˇ
肌;ㄐㄧ
享;ㄒㄧㄤˇ
絕;ㄐㄩㄝˊ
協;ㄒㄧㄝˊ
洲;ㄓㄡ
腳;ㄐㄧㄠˇ
搭;ㄉㄚ
退;ㄊㄨㄟˋ
石;ㄕˊ
願;ㄩㄢˋ
派;ㄆㄞˋ
米;ㄇㄧˇ
充;ㄔㄨㄥ
險;ㄒㄧㄢˇ
健;ㄐㄧㄢˋ
似;ㄙˋ
城;ㄔㄥˊ
訊;ㄒㄩㄣˋ
廣;ㄍㄨㄤˇ
館;ㄍㄨㄢˇ
哪;ㄋㄚˇ
策;ㄘㄜˋ
旅;l锟斤拷
送;ㄙㄨㄥˋ
彩;ㄘㄞˇ
談;ㄊㄢˊ
背;ㄅㄟˋ
訴;ㄙㄨˋ
亮;ㄌㄧㄤˋ
陽;ㄧㄤˊ
括;ㄎㄨㄛˋ
負;ㄈㄨˋ
志;ㄓˋ
獎;ㄐㄧㄤˇ
財;ㄘㄞˊ
圍;ㄨㄟˊ
令;ㄌㄧㄥˊ
錄;ㄌㄨˋ
班;ㄅㄢ
族;ㄗㄨˊ
擇;ㄗㄜˊ
款;ㄎㄨㄢˇ
追;ㄓㄨㄟ
討;ㄊㄠˇ
含;ㄏㄢˊ
麗;ㄌㄧˋ
顧;ㄍㄨˋ
讀;ㄉㄨˊ
置;ㄓˋ
爸;ㄅㄚˋ
居;ㄐㄩ
察;ㄔㄚˊ
律;l锟斤拷
善;ㄕㄢˋ
嚴;ㄧㄢˊ
木;ㄇㄨˋ
哥;ㄍㄜ
玩;ㄨㄢˊ
庭;ㄊㄧㄥˊ
突;ㄊㄨ
吧;ㄅㄚ
採;ㄘㄞˇ
叫;ㄐㄧㄠˋ
彈;ㄉㄢˋ
乾;ㄍㄢ
藥;ㄧㄠˋ
羅;ㄌㄨㄛˊ
康;ㄎㄤ
短;ㄉㄨㄢˇ
龍;ㄌㄨㄥˊ
補;ㄅㄨˇ
停;ㄊㄧㄥˊ
板;ㄅㄢˇ
茶;ㄔㄚˊ
洋;ㄧㄤˊ
春;ㄔㄨㄣ
座;ㄗㄨㄛˋ
糖;ㄊㄤˊ
測;ㄘㄜˋ
登;ㄉㄥ
版;ㄅㄢˇ
室;ㄕˋ
縣;ㄒㄧㄢˋ
復;ㄈㄨˋ
掉;ㄉㄧㄠˋ
農;ㄋㄨㄥˊ
酒;ㄐㄧㄡˇ
臉;ㄌㄧㄢˇ
鮮;ㄒㄧㄢ
緊;ㄐㄧㄣˇ
衣;ㄧ
島;ㄉㄠˇ
夜;ㄧㄝˋ
密;ㄇㄧˋ
鄉;ㄒㄧㄤ
抗;ㄎㄤˋ
份;ㄈㄣˋ
佳;ㄐㄧㄚ
沙;ㄕㄚ
鐘;ㄓㄨㄥ
漸;ㄐㄧㄢˋ
止;ㄓˇ
互;ㄏㄨˋ
構;ㄍㄡˋ
億;ㄧˋ
殺;ㄕㄚ
休;ㄒㄧㄡ
筆;ㄅㄧˇ
責;ㄗㄜˊ
葉;ㄧㄝˋ
承;ㄔㄥˊ
靠;ㄎㄠˋ
禮;ㄌㄧˇ
永;ㄩㄥˇ
飯;ㄈㄢˋ
評;ㄆㄧㄥˊ
港;ㄍㄤˇ
益;ㄧˋ
缺;ㄑㄩㄝ
怕;ㄆㄚˋ
絲;ㄙ
趣;ㄑㄩˋ
午;ㄨˇ
坐;ㄗㄨㄛˋ
銷;ㄒㄧㄠ
繼;ㄐㄧˋ
牛;ㄋㄧㄡˊ
某;ㄇㄡˇ
勝;ㄕㄥˋ
異;ㄧˋ
魚;ㄩˊ
購;ㄍㄡˋ
警;ㄐㄧㄥˇ
喔;ㄛ
階;ㄐㄧㄝ
藍;ㄌㄢˊ
苦;ㄎㄨˇ
納;ㄋㄚˋ
銀;ㄧㄣˊ
移;ㄧˊ
哈;ㄏㄚ
順;ㄕㄨㄣˋ
愈;ㄩˋ
盡;ㄐㄧㄣˋ
遇;ㄩˋ
概;ㄍㄞˋ
綠;ㄌㄩ
施;ㄕ
童;ㄊㄨㄥˊ
秀;ㄒㄧㄡˋ
冷;ㄌㄥˇ
智;ㄓˋ
唱;ㄔㄤˋ
攝;ㄕㄜˋ
塊;ㄎㄨㄞˋ
均;ㄐㄩㄣ
症;ㄓㄥˋ
咖;ㄎㄚ
略;l锟斤拷ㄜˋ
倒;ㄉㄠˇ
核;ㄏㄜˊ
野;ㄧㄝˇ
融;ㄖㄨㄥˊ
骨;ㄍㄨˇ
控;ㄎㄨㄥˋ
訓;ㄒㄩㄣˋ
雨;ㄩˇ
喝;ㄏㄜ
宣;ㄒㄩㄢ
屋;ㄨ
盤;ㄆㄢˊ
堅;ㄐㄧㄢ
樹;ㄕㄨˋ
爆;ㄅㄠˋ
竟;ㄐㄧㄥˋ
蓋;ㄍㄞˋ
衝;ㄔㄨㄥ
夫;ㄈㄨ
鬆;ㄙㄨㄥ
賴;ㄌㄞˋ
挑;ㄊㄧㄠ
草;ㄘㄠˇ
執;ㄓˊ
麵;ㄇㄧㄢˋ
遭;ㄗㄠ
街;ㄐㄧㄝ
擁;ㄩㄥ
疑;ㄧˊ
舊;ㄐㄧㄡˋ
療;ㄌㄧㄠˊ
紙;ㄓˇ
廠;ㄔㄤˇ
朝;ㄓㄠ
編;ㄅㄧㄢ
尼;ㄋㄧˊ
～;～
豐;ㄈㄥ
婚;ㄏㄨㄣ
懷;ㄏㄨㄞˊ
京;ㄐㄧㄥ
貨;ㄏㄨㄛˋ
夢;ㄇㄥˋ
射;ㄕㄜˋ
付;ㄈㄨˋ
潮;ㄔㄠˊ
露;ㄌㄨˋ
毛;ㄇㄠˊ
棒;ㄅㄤˋ
判;ㄆㄢˋ
楚;ㄔㄨˇ
織;ㄓ
競;ㄐㄧㄥˋ
威;ㄨㄟ
激;ㄐㄧ
穩;ㄨㄣˇ
衛;ㄨㄟˋ
兵;ㄅㄧㄥ
域;ㄩˋ
避;ㄅㄧˋ
豆;ㄉㄡˋ
靜;ㄐㄧㄥˋ
呼;ㄏㄨ
宮;ㄍㄨㄥ
範;ㄈㄢˋ
熟;ㄕㄨˊ
燈;ㄉㄥ
敗;ㄅㄞˋ
圓;ㄩㄢˊ
攻;ㄍㄨㄥ
訪;ㄈㄤˇ
岸;ㄢˋ
甜;ㄊㄧㄢˊ
柯;ㄎㄜ
奶;ㄋㄞˇ
忙;ㄇㄤˊ
飲;ㄧㄣˇ
席;ㄒㄧˊ
貴;ㄍㄨㄟˋ
武;ㄨˇ
冰;ㄅㄧㄥ
額;ㄜˊ
售;ㄕㄡˋ
染;ㄖㄢˇ
蘇;ㄙㄨ
套;ㄊㄠˋ
迷;ㄇㄧˊ
雲;ㄩㄣˊ
勞;ㄌㄠˊ
偏;ㄆㄧㄢ
樓;ㄌㄡˊ
靈;ㄌㄧㄥˊ
臨;ㄌㄧㄣˊ
軟;ㄖㄨㄢˇ
幸;ㄒㄧㄥˋ
浪;ㄌㄤˋ
恐;ㄎㄨㄥˇ
普;ㄆㄨˇ
週;ㄓㄡ
藏;ㄘㄤˊ
蔡;ㄘㄞˋ
釋;ㄕˋ
答;ㄉㄚˊ
雜;ㄗㄚˊ
散;ㄙㄢˋ
逐;ㄓㄨˊ
朱;ㄓㄨ
築;ㄓㄨˋ
燒;ㄕㄠ
署;ㄕㄨˇ
端;ㄉㄨㄢ
倫;ㄌㄨㄣˊ
貼;ㄊㄧㄝ
句;ㄐㄩˋ
跳;ㄊㄧㄠˋ
伊;ㄧ
洪;ㄏㄨㄥˊ
延;ㄧㄢˊ
困;ㄎㄨㄣˋ
批;ㄆㄧ
啡;ㄈㄟ
幣;ㄅㄧˋ
河;ㄏㄜˊ
媒;ㄇㄟˊ
左;ㄗㄨㄛˇ
宜;ㄧˊ
針;ㄓㄣ
掌;ㄓㄤˇ
鼓;ㄍㄨˇ
巧;ㄑㄧㄠˇ
驚;ㄐㄧㄥ
慣;ㄍㄨㄢˋ
守;ㄕㄡˇ
央;ㄧㄤ
良;ㄌㄧㄤˊ
尋;ㄒㄩㄣˊ
博;ㄅㄛˊ
冠;ㄍㄨㄢ
航;ㄏㄤˊ
脂;ㄓ
劃;ㄏㄨㄚˊ
酸;ㄙㄨㄢ
監;ㄐㄧㄢ
述;ㄕㄨˋ
洗;ㄒㄧˇ
揮;ㄏㄨㄟ
鏡;ㄐㄧㄥˋ
旁;ㄆㄤˊ
介;ㄐㄧㄝˋ
帝;ㄉㄧˋ
村;ㄘㄨㄣ
繪;ㄏㄨㄟˋ
田;ㄊㄧㄢˊ
鞋;ㄒㄧㄝˊ
急;ㄐㄧˊ
漫;ㄇㄢˋ
架;ㄐㄧㄚˋ
藉;ㄐㄧㄝˋ
盛;ㄕㄥˋ
飾;ㄕˋ
弱;ㄖㄨㄛˋ
罪;ㄗㄨㄟˋ
努;ㄋㄨˇ
累;ㄌㄟˊ
幕;ㄇㄨˋ
餘;ㄩˊ
弟;ㄉㄧˋ
濃;ㄋㄨㄥˊ
誰;ㄕㄨㄟˊ
陣;ㄓㄣˋ
船;ㄔㄨㄢˊ
犯;ㄈㄢˋ
啦;lB
觸;ㄔㄨˋ
伴;ㄅㄢˋ
附;ㄈㄨˋ
祖;ㄗㄨˇ
聞;ㄨㄣˊ
怪;ㄍㄨㄞˋ
隔;ㄍㄜˊ
封;ㄈㄥ
審;ㄕㄣˇ
薪;ㄒㄧㄣ
毒;ㄉㄨˊ
畢;ㄅㄧˋ
夏;ㄒㄧㄚˋ
亂;ㄌㄨㄢˋ
桌;ㄓㄨㄛ
盟;ㄇㄥˊ
尚;ㄕㄤˋ
固;ㄍㄨˋ
雅;ㄧㄚˇ
複;ㄈㄨˋ
雞;ㄐㄧ
右;ㄧㄡˋ
翻;ㄈㄢ
零;ㄌㄧㄥˊ
謂;ㄨㄟˋ
估;ㄍㄨ
膚;ㄈㄨ
壞;ㄏㄨㄞˋ
妹;ㄇㄟˋ
睡;ㄕㄨㄟˋ
救;ㄐㄧㄡˋ
稅;ㄕㄨㄟˋ
輪;ㄌㄨㄣˊ
倍;ㄅㄟˋ
湯;ㄊㄤ
皇;ㄏㄨㄤˊ
距;ㄐㄩˋ
柱;ㄓㄨˋ
副;ㄈㄨˋ
績;ㄐㄧˋ
仔;ㄗ
賞;ㄕㄤˇ
握;ㄨㄛˋ
哲;ㄓㄜˊ
烈;ㄌㄧㄝˋ
按;ㄢˋ
迎;ㄧㄥˊ
懂;ㄉㄨㄥˇ
恩;ㄣ
緩;ㄏㄨㄢˇ
植;ㄓˊ
幅;ㄈㄨˊ
杯;ㄅㄟ
雷;ㄌㄟˊ
硬;ㄧㄥˋ
敢;ㄍㄢˇ
漢;ㄏㄢˋ
巨;ㄐㄩˋ
醒;ㄒㄧㄥˇ
純;ㄔㄨㄣˊ
廳;ㄊㄧㄥ
危;ㄨㄟ
呈;ㄔㄥˊ
束;ㄕㄨˋ
刺;ㄘˋ
麥;ㄇㄞˋ
聖;ㄕㄥˋ
患;ㄏㄨㄢˋ
抱;ㄅㄠˋ
堂;ㄊㄤˊ
聚;ㄐㄩˋ
拜;ㄅㄞˋ
邀;ㄧㄠ
憶;ㄧˋ
擺;ㄅㄞˇ
牙;ㄧㄚˊ
奏;ㄗㄡˋ
折;ㄓㄜ
探;ㄊㄢˋ
尤;ㄧㄡˊ
耳;ㄦˇ
玉;ㄩˋ
縮;ㄙㄨㄛ
洞;ㄉㄨㄥˋ
頂;ㄉㄧㄥˇ
隻;ㄓ
誤;ㄨˋ
損;ㄙㄨㄣˇ
私;ㄙ
棄;ㄑㄧˋ
甲;ㄐㄧㄚˇ
革;ㄍㄜˊ
韓;ㄏㄢˊ
索;ㄙㄨㄛˇ
搶;ㄑㄧㄤˇ
森;ㄙㄣ
伸;ㄕㄣ
泡;ㄆㄠˋ
既;ㄐㄧˋ
江;ㄐㄧㄤ
啟;ㄑㄧˇ
序;ㄒㄩˋ
遺;ㄧˊ
竹;ㄓㄨˊ
章;ㄓㄤ
圈;ㄑㄩㄢ
尊;ㄗㄨㄣ
琴;ㄑㄧㄣˊ
暖;ㄋㄨㄢˇ
腿;ㄊㄨㄟˇ
紛;ㄈㄣ
訂;ㄉㄧㄥˋ
煮;ㄓㄨˇ
勇;ㄩㄥˇ
醬;ㄐㄧㄤˋ
宗;ㄗㄨㄥ
詩;ㄕ
吳;ㄨˊ
顏;ㄧㄢˊ
授;ㄕㄡˋ
脫;ㄊㄨㄛ
鍵;ㄐㄧㄢˋ
厚;ㄏㄡˋ
庫;ㄎㄨˋ
沉;ㄔㄣˊ
瑞;ㄖㄨㄟˋ
省;ㄕㄥˇ
刷;ㄕㄨㄚ
液;ㄧㄝˋ
勵;ㄌㄧˋ
滑;ㄏㄨㄚˊ
招;ㄓㄠ
替;ㄊㄧˋ
舒;ㄕㄨ
鍋;ㄍㄨㄛ
符;ㄈㄨˊ
炸;ㄓㄚˋ
帳;ㄓㄤˋ
暴;ㄅㄠˋ
頓;ㄉㄨㄣˋ
默;ㄇㄛˋ
震;ㄓㄣˋ
艦;ㄐㄧㄢˋ
輸;ㄕㄨ
榮;ㄖㄨㄥˊ
烤;ㄎㄠˇ
違;ㄨㄟˊ
歸;ㄍㄨㄟ
災;ㄗㄞ
賺;ㄓㄨㄢˋ
徵;ㄓㄥ
肯;ㄎㄣˇ
忘;ㄨㄤˋ
疾;ㄐㄧˊ
嘉;ㄐㄧㄚ
緒;ㄒㄩˋ
慮;l锟斤拷
彼;ㄅㄧˇ
隱;ㄧㄣˇ
塑;ㄙㄨˋ
麻;ㄇㄚˊ
貝;ㄅㄟˋ
胞;ㄅㄠ
餅;ㄅㄧㄥˇ
珍;ㄓㄣ
培;ㄆㄟˊ
吉;ㄐㄧˊ
寬;ㄎㄨㄢ
辛;ㄒㄧㄣ
淨;ㄐㄧㄥˋ
尺;ㄔˇ
旦;ㄉㄢˋ
擴;ㄎㄨㄛˋ
桃;ㄊㄠˊ
塔;ㄊㄚˇ
衡;ㄏㄥˊ
秋;ㄑㄧㄡ
莫;ㄇㄛˋ
跌;ㄉㄧㄝ
析;ㄒㄧ
齊;ㄑㄧˊ
詞;ㄘˊ
湖;ㄏㄨˊ
疫;ㄧˋ
奧;ㄚ˙ㄛˋ
淡;ㄉㄢˋ
混;ㄏㄨㄣˋ
氧;ㄧㄤˇ
牆;ㄑㄧㄤˊ
搖;ㄧㄠˊ
禁;ㄐㄧㄣ
泰;ㄊㄞˋ
宅;ㄓㄞˊ
唯;ㄨㄟˊ
潛;ㄑㄧㄢˊ
宋;ㄙㄨㄥˋ
亡;ㄨㄤˊ
溝;ㄍㄡ
碼;ㄇㄚˇ
鎮;ㄓㄣˋ
載;ㄗㄞˋ
顆;ㄎㄜ
伯;ㄅㄛˊ
汁;ㄓ
惡;ㄜˋ
抵;ㄉㄧˇ
秦;ㄑㄧㄣˊ
偶;ㄡˇ
操;ㄘㄠ
焦;ㄐㄧㄠ
障;ㄓㄤˋ
豬;ㄓㄨ
債;ㄓㄞˋ
鳥;ㄋㄧㄠˇ
陷;ㄒㄧㄢˋ
妝;ㄓㄨㄤ
陪;ㄆㄟˊ
讚;ㄗㄢˋ
冬;ㄉㄨㄥ
雪;ㄒㄩㄝˇ
旗;ㄑㄧˊ
跨;ㄎㄨㄚˋ
勒;ㄌㄜˋ
欣;ㄒㄧㄣ
隆;ㄌㄨㄥˊ
睛;ㄐㄧㄥ
髮;ㄈㄚ
趕;ㄍㄢˇ
皆;ㄐㄧㄝ
蓮;ㄌㄧㄢˊ
炎;ㄧㄢˊ
董;ㄉㄨㄥˇ
宇;ㄩˇ
俄;ㄜˊ
緣;ㄩㄢˊ
摩;ㄇㄛˊ
戴;ㄉㄞˋ
揚;ㄧㄤˊ
仁;ㄖㄣˊ
鎖;ㄙㄨㄛˇ
召;ㄓㄠˋ
膠;ㄐㄧㄠ
慶;ㄑㄧㄥˋ
梅;ㄇㄟˊ
描;ㄇㄧㄠˊ
慧;ㄏㄨㄟˋ
袋;ㄉㄞˋ
齡;ㄌㄧㄥˊ
檔;ㄉㄤˋ
暗;ㄢˋ
奪;ㄉㄨㄛˊ
礎;ㄔㄨˇ
雕;ㄉㄧㄠ
促;ㄘㄨˋ
荷;ㄏㄜˊ
覆;ㄈㄨˋ
輯;ㄐㄧˊ
亦;ㄧˋ
乳;ㄖㄨˇ
床;ㄔㄨㄤˊ
毫;ㄏㄠˊ
闆;ㄅㄢˇ
占;ㄓㄢ
剩;ㄕㄥˋ
廢;ㄈㄟˋ
援;ㄩㄢˊ
嘛;mB
戀;ㄌㄧㄢˋ
趨;ㄑㄩ
刑;ㄒㄧㄥˊ
姓;ㄒㄧㄥˋ
惠;ㄏㄨㄟˋ
漲;ㄓㄤˇ
壽;ㄕㄡˋ
末;ㄇㄛˋ
佛;ㄈㄛˊ
頻;ㄆㄧㄣˊ
劉;ㄌㄧㄡˊ
播;ㄅㄛ
堡;ㄅㄠˇ
抽;ㄔㄡ
豪;ㄏㄠˊ
廚;ㄔㄨˊ
柔;ㄖㄡˊ
申;ㄕㄣ
儀;ㄧˊ
閒;ㄒㄧㄢˊ
姿;ㄗ
輩;ㄅㄟˋ
俗;ㄙㄨˊ
廷;ㄊㄧㄥˊ
氛;ㄈㄣ
肥;ㄈㄟˊ
挺;ㄊㄧㄥˇ
粒;ㄌㄧˋ
窗;ㄔㄨㄤ
脈;ㄇㄞˋ
嘗;ㄔㄤˊ
誠;ㄔㄥˊ
松;ㄙㄨㄥ
丹;ㄉㄢ
州;ㄓㄡ
抓;ㄓㄨㄚ
敏;ㄇㄧㄣˇ
壘;ㄌㄟˇ
搞;ㄍㄠˇ
宿;ㄙㄨˋ
沿;ㄧㄢˊ
坦;ㄊㄢˇ
儘;ㄐㄧㄣˋ
黎;ㄌㄧˊ
橋;ㄑㄧㄠˊ
鋼;ㄍㄤ
屆;ㄐㄧㄝˋ
尾;ㄨㄟˇ
嘴;ㄗㄨㄟˇ
忽;ㄏㄨ
刀;ㄉㄠ
甘;ㄍㄢ
游;ㄧㄡˊ
予;ㄩˊ
褲;ㄎㄨˋ
逃;ㄊㄠˊ
箱;ㄒㄧㄤ
紋;ㄨㄣˊ
婆;ㄆㄛˊ
胸;ㄒㄩㄥ
耐;ㄋㄞˋ
劑;ㄐㄧˋ
閱;ㄩㄝˋ
幹;ㄍㄢ
貿;ㄇㄠˋ
潔;ㄐㄧㄝˊ
炒;ㄔㄠˇ
飽;ㄅㄠˇ
諾;ㄋㄨㄛˋ
耶;ㄧㄝˊ
綱;ㄍㄤ
傑;ㄐㄧㄝˊ
碰;ㄆㄥˋ
掛;ㄍㄨㄚˋ
伍;ㄨˇ
婦;ㄈㄨˋ
腰;ㄧㄠ
敵;ㄉㄧˊ
側;ㄘㄜˋ
浮;ㄈㄨˊ
彎;ㄨㄢ
肪;ㄈㄤˊ
腹;ㄈㄨˋ
循;ㄒㄩㄣˊ
惜;ㄒㄧ
籍;ㄐㄧˊ
涼;ㄌㄧㄤˊ
獻;ㄒㄧㄢˋ
塞;ㄙㄞ
肩;ㄐㄧㄢ
姊;ㄗˇ
凡;ㄈㄢˊ
罰;ㄈㄚˊ
祭;ㄐㄧˋ
捐;ㄐㄩㄢ
簽;ㄑㄧㄢ
役;ㄧˋ
霧;ㄨˋ
貌;ㄇㄠˋ
憂;ㄧㄡ
偵;ㄓㄣ
侵;ㄑㄧㄣ
遍;ㄅㄧㄢˋ
淚;ㄌㄟˋ
迪;ㄉㄧˊ
灰;ㄏㄨㄟ
絡;ㄌㄨㄛˋ
虛;ㄒㄩ
殊;ㄕㄨ
涉;ㄕㄜˋ
耀;ㄧㄠˋ
秒;ㄇㄧㄠˇ
冒;ㄇㄠˋ
寧;ㄋㄧㄥˊ
併;ㄅㄧㄥˋ
蔬;ㄕㄨ
腸;ㄔㄤˊ
脆;ㄘㄨㄟˋ
幼;ㄧㄡˋ
曼;ㄇㄢˋ
賓;ㄅㄧㄣ
狗;ㄍㄡˇ
胡;ㄏㄨˊ
映;ㄧㄥˋ
乘;ㄔㄥˊ
薩;ㄙㄚˋ
吹;ㄔㄨㄟ
芬;ㄈㄣ
邦;ㄅㄤ
鬧;ㄋㄠˋ
辣;ㄌㄚˋ
鼻;ㄅㄧˊ
堆;ㄉㄨㄟ
繞;ㄖㄠˋ
振;ㄓㄣˋ
捷;ㄐㄧㄝˊ
借;ㄐㄧㄝˋ
踏;ㄊㄚˋ
烏;ㄨ
陰;ㄧㄣ
狂;ㄎㄨㄤˊ
疼;ㄊㄥˊ
癌;ㄞˊ
幻;ㄏㄨㄢˋ
覽;ㄌㄢˇ
契;ㄑㄧˋ
紫;ㄗˇ
乏;ㄈㄚˊ
爺;ㄧㄝˊ
裁;ㄘㄞˊ
寒;ㄏㄢˊ
壁;ㄅㄧˋ
暫;ㄗㄢˋ
臟;ㄗㄤˋ
煩;ㄈㄢˊ
鄭;ㄓㄥˋ
姐;ㄐㄧㄝˇ
磨;ㄇㄛˊ
串;ㄔㄨㄢˋ
誌;ㄓˋ
旋;ㄒㄩㄢˊ
扮;ㄅㄢˋ
柏;ㄅㄞˇ
彷;ㄆㄤˊ
阻;ㄗㄨˇ
聊;ㄌㄧㄠˊ
廟;ㄇㄧㄠˋ
紐;ㄋㄧㄡˇ
澤;ㄗㄜˊ
贏;ㄧㄥˊ
氏;ㄕˋ
彰;ㄓㄤ
蕾;ㄌㄟˇ
徑;ㄐㄧㄥˋ
添;ㄊㄧㄢ
乃;ㄋㄞˇ
鬥;ㄉㄡˇ
魯;ㄌㄨˇ
蟲;ㄔㄨㄥˊ
兼;ㄐㄧㄢ
稍;ㄕㄠ
殘;ㄘㄢˊ
瓜;ㄍㄨㄚ
擠;ㄐㄧˇ
您;ㄋㄧㄣˊ
濕;ㄕ
匯;ㄏㄨㄟˋ
殖;ㄓˊ
后;ㄏㄡˋ
楊;ㄧㄤˊ
池;ㄔˊ
瓶;ㄆㄧㄥˊ
仙;ㄒㄧㄢ
掃;ㄙㄠˇ
篇;ㄆㄧㄢ
彿;彿
途;ㄊㄨˊ
鹽;ㄧㄢˊ
莊;ㄓㄨㄤ
牠;牠
迫;ㄆㄛˋ
捲;ㄐㄩㄢˋ
閃;ㄕㄢˇ
兄;ㄒㄩㄥ
仰;ㄧㄤˇ
玻;ㄅㄛ
棋;ㄑㄧˊ
燃;ㄖㄢˊ
纖;ㄒㄧㄢ
繁;ㄈㄢˊ
溪;ㄒㄧ
錦;ㄐㄧㄣˇ
潤;ㄖㄨㄣˋ
漂;ㄆㄧㄠ
妻;ㄑㄧ
谷;ㄍㄨˇ
紹;ㄕㄠˋ
薦;ㄐㄧㄢˋ
膜;ㄇㄛˊ
滋;ㄗ
埃;ㄞ
忠;ㄓㄨㄥ
悲;ㄅㄟ
忍;ㄖㄣˇ
坡;ㄆㄛ
擾;ㄖㄠˇ
孫;ㄙㄨㄣ
艾;ㄞˋ
哭;ㄎㄨ
莉;ㄌㄧˋ
騎;ㄑㄧˊ
偉;ㄨㄟˇ
督;ㄉㄨ
逆;ㄋㄧˋ
徒;ㄊㄨˊ
俊;ㄐㄩㄣˋ
蜜;ㄇㄧˋ
拒;ㄐㄩˋ
淺;ㄑㄧㄢˇ
偷;ㄊㄡ
澳;ㄚ˙ㄛˋ
擦;ㄘㄚ
肝;ㄍㄢ
插;ㄔㄚ
傾;ㄑㄧㄥ
晨;ㄔㄣˊ
妙;ㄇㄧㄠˋ
魔;ㄇㄛˊ
菲;ㄈㄟ
唇;ㄔㄨㄣˊ
肚;ㄉㄨˋ
輔;ㄈㄨˇ
墨;ㄇㄛˋ
娘;ㄋㄧㄤˊ
丟;ㄉㄧㄡ
撐;ㄔㄥ
炮;ㄆㄠˊ
蒙;ㄇㄥ
胃;ㄨㄟˋ
秘;ㄇㄧˋ
剪;ㄐㄧㄢˇ
洛;ㄌㄨㄛˋ
屏;ㄆㄧㄥˊ
噴;ㄆㄣ
駕;ㄐㄧㄚˋ
爽;ㄕㄨㄤˇ
峰;ㄈㄥ
攤;ㄊㄢ
瑪;ㄇㄚˇ
撞;ㄓㄨㄤˋ
裂;ㄌㄧㄝˋ
煙;ㄧㄢ
鄰;ㄌㄧㄣˊ
憲;ㄒㄧㄢˋ
滾;ㄍㄨㄣˇ
瓦;ㄨㄚˇ
租;ㄗㄨ
襲;ㄒㄧˊ
獅;ㄕ
舍;ㄕㄜˋ
曉;ㄒㄧㄠˇ
擬;ㄋㄧˇ
菌;ㄐㄩㄣ
敘;ㄒㄩˋ
颱;ㄊㄞˊ
斤;ㄐㄧㄣ
瘦;ㄕㄡˋ
君;ㄐㄩㄣ
敬;ㄐㄧㄥˋ
苗;ㄇㄧㄠˊ
薄;ㄅㄠˊ
尖;ㄐㄧㄢ
壯;ㄓㄨㄤˋ
泥;ㄋㄧˊ
牽;ㄑㄧㄢ
唐;ㄊㄤˊ
璃;ㄌㄧˊ
怒;ㄋㄨˋ
扁;ㄅㄧㄢˇ
慘;ㄘㄢˇ
扣;ㄎㄡˋ
姆;ㄇㄨˇ
稻;ㄉㄠˋ
滅;ㄇㄧㄝˋ
割;ㄍㄜ
喊;ㄏㄢˇ
獄;ㄩˋ
巡;ㄒㄩㄣˊ
磁;ㄘˊ
川;ㄔㄨㄢ
蘋;ㄆㄧㄥˊ
迴;ㄏㄨㄟˊ
耗;ㄏㄠˋ
橫;ㄏㄥˊ
臣;ㄔㄣˊ
蝦;ㄒㄧㄚ
櫻;ㄧㄥ
丁;ㄉㄧㄥ
駐;ㄓㄨˋ
砲;砲
緻;ㄓˋ
碗;ㄨㄢˇ
衰;ㄕㄨㄞ
扶;ㄈㄨˊ
凱;ㄎㄞˇ
怨;ㄩㄢˋ
邏;ㄌㄨㄛˊ
櫃;ㄍㄨㄟˋ
珠;ㄓㄨ
厲;ㄌㄧˋ
奮;ㄈㄣˋ
券;ㄑㄩㄢˋ
跡;ㄐㄧˋ
漁;ㄩˊ
葛;ㄍㄜˊ
諸;ㄓㄨ
孤;ㄍㄨ
嚇;ㄒㄧㄚˋ
霸;ㄅㄚˋ
刊;ㄎㄢ
腐;ㄈㄨˇ
奈;ㄋㄞˋ
礙;ㄞˋ
悉;ㄒㄧ
慈;ㄘˊ
臘;ㄒㄧ
羊;ㄧㄤˊ
郭;ㄍㄨㄛ
塵;ㄔㄣˊ
泉;ㄑㄩㄢˊ
祕;祕
銘;ㄇㄧㄥˊ
詢;ㄒㄩㄣˊ
膩;ㄋㄧˋ
糕;ㄍㄠ
頁;ㄧㄝˋ
返;ㄈㄢˇ
晶;ㄐㄧㄥ
窮;ㄑㄩㄥˊ
槍;ㄑㄧㄤ
滴;ㄉㄧ
黏;ㄋㄧㄢˊ
盒;ㄏㄜˊ
眉;ㄇㄟˊ
涵;ㄏㄢˊ
仿;ㄈㄤˇ
蕭;ㄒㄧㄠ
償;ㄔㄤˊ
軌;ㄍㄨㄟˇ
番;ㄈㄢ
恆;ㄏㄥˊ
躍;ㄩㄝˋ
賠;ㄆㄟˊ
吐;ㄊㄨˇ
尿;ㄋㄧㄠˋ
敲;ㄑㄧㄠ
截;ㄐㄧㄝˊ
貧;ㄆㄧㄣˊ
輛;ㄌㄧㄤˋ
弄;ㄋㄨㄥˋ
汗;ㄏㄢˋ
募;ㄇㄨˋ
蹈;ㄉㄠˇ
夥;ㄏㄨㄛˇ
疲;ㄆㄧˊ
嫌;ㄒㄧㄢˊ
孔;ㄎㄨㄥˇ
閉;ㄅㄧˋ
診;ㄓㄣˇ
凌;ㄌㄧㄥˊ
茲;ㄗ
恰;ㄑㄧㄚˋ
帕;ㄆㄚˋ
繳;ㄐㄧㄠˇ
遲;ㄔˊ
嫩;ㄋㄣˋ
悠;ㄧㄡ
嚐;ㄔㄤˊ
贈;ㄗㄥˋ
萊;ㄌㄞˊ
胎;ㄊㄞ
抬;ㄊㄞˊ
鬼;ㄍㄨㄟˇ
亭;ㄊㄧㄥˊ
殼;ㄎㄜˊ
轟;ㄏㄨㄥ
誕;ㄉㄢˋ
粗;ㄘㄨ
采;ㄘㄞˇ
杜;ㄉㄨˋ
暑;ㄕㄨˇ
帥;ㄕㄨㄞˋ
銅;ㄊㄨㄥˊ
賢;ㄒㄧㄢˊ
碳;ㄊㄢˋ
儲;ㄔㄨˇ
欲;ㄩˋ
梯;ㄊㄧ
孕;ㄩㄣˋ
脅;ㄒㄧㄝˊ
摸;ㄇㄛ
蒸;ㄓㄥ
螢;ㄧㄥˊ
淋;ㄌㄧㄣˊ
蹤;ㄗㄨㄥ
輝;ㄏㄨㄟ
疏;ㄕㄨ
鑑;ㄐㄧㄢˋ
娜;ㄋㄚˋ
壇;ㄊㄢˊ
汙;ㄨ
夾;ㄐㄧㄚ
肢;ㄓ
酥;ㄙㄨ
拼;ㄆㄧㄣ
瓷;ㄘˊ
膽;ㄉㄢˇ
拖;ㄊㄨㄛ
暢;ㄔㄤˋ
渡;ㄉㄨˋ
託;ㄊㄨㄛ
毀;ㄏㄨㄟˇ
綜;ㄗㄨㄥ
瑜;ㄩˊ
譽;ㄩˋ
填;ㄊㄧㄢˊ
塗;ㄊㄨˊ
椅;ㄧˇ
凝;ㄋㄧㄥˊ
憑;ㄆㄧㄥˊ
遞;ㄉㄧˋ
拔;ㄅㄚˊ
敦;ㄉㄨㄣ
籌;ㄔㄡˊ
桶;ㄊㄨㄥˇ
騙;ㄆㄧㄢˋ
瞬;ㄕㄨㄣˋ
喪;ㄙㄤ
辨;ㄅㄧㄢˋ
遷;ㄑㄧㄢ
拆;ㄔㄞ
漿;ㄐㄧㄤ
傅;ㄈㄨˋ
枝;ㄓ
綁;ㄅㄤˇ
津;ㄐㄧㄣ
鋪;ㄆㄨ
箭;ㄐㄧㄢˋ
籃;ㄌㄢˊ
酬;ㄔㄡˊ
徹;ㄔㄜˋ
碎;ㄙㄨㄟˋ
鴨;ㄧㄚ
磚;ㄓㄨㄢ
抹;ㄇㄛˇ
邁;ㄇㄞˋ
疊;ㄉㄧㄝˊ
躺;ㄊㄤˇ
涯;ㄧㄚˊ
喬;ㄑㄧㄠˊ
灑;ㄙㄚˇ
措;ㄘㄨㄛˋ
喘;ㄔㄨㄢˇ
堪;ㄎㄢ
爛;ㄌㄢˋ
詳;ㄒㄧㄤˊ
佔;ㄓㄢ
陶;ㄊㄠˊ
朵;ㄉㄨㄛˇ
爐;ㄌㄨˊ
朗;ㄌㄤˇ
貓;ㄇㄠ
胖;ㄆㄤˋ
瘋;ㄈㄥ
眠;ㄇㄧㄢˊ
傲;ㄚ˙ㄛˋ
屈;ㄑㄩ
捕;ㄅㄨˇ
貸;ㄉㄞˋ
菸;ㄧㄢ
猶;ㄧㄡˊ
汽;ㄑㄧˋ
罵;ㄇㄚˋ
聰;ㄘㄨㄥ
寄;ㄐㄧˋ
干;ㄍㄢ
厭;ㄧㄢˋ
奉;ㄈㄥˋ
勸;ㄑㄩㄢˋ
搬;ㄅㄢ
崇;ㄔㄨㄥˊ
勤;ㄑㄧㄣˊ
斑;ㄅㄢ
囉;囉
沖;ㄔㄨㄥ
腫;ㄓㄨㄥˇ
逼;ㄅㄧ
蠻;ㄇㄢˊ
沾;ㄓㄢ
慰;ㄨㄟˋ
莎;ㄙㄨㄛ
荒;ㄏㄨㄤ
勁;ㄐㄧㄣˋ
懸;ㄒㄩㄢˊ
井;ㄐㄧㄥˇ
趙;ㄓㄠˋ
妨;ㄈㄤˊ
哩;ㄌㄧ˙
爬;ㄆㄚˊ
膝;ㄒㄧ
咬;ㄧㄠˇ
扭;ㄋㄧㄡˇ
喚;ㄏㄨㄢˋ
蔣;ㄐㄧㄤˇ
嘆;ㄊㄢˋ
托;ㄊㄨㄛ
郵;ㄧㄡˊ
宏;ㄏㄨㄥˊ
綿;ㄇㄧㄢˊ
伏;ㄈㄨˊ
祝;ㄓㄨˋ
騰;ㄊㄥˊ
販;ㄈㄢˋ
縱;ㄗㄨㄥˋ
灘;ㄊㄢ
鬱;ㄩˋ
礦;ㄎㄨㄤˋ
袖;ㄒㄧㄡˋ
佈;ㄅㄨˋ
岩;ㄧㄢˊ
恢;ㄏㄨㄟ
幽;ㄧㄡ
揭;ㄐㄧㄝ
劍;ㄐㄧㄢˋ
挫;ㄘㄨㄛˋ
昌;ㄔㄤ
筋;ㄐㄧㄣ
卑;ㄅㄟ
迅;ㄒㄩㄣˋ
葡;ㄆㄨˊ
拳;ㄑㄩㄢˊ
蘿;ㄌㄨㄛˊ
榜;ㄅㄤˇ
罹;ㄌㄧˊ
慕;ㄇㄨˋ
椒;ㄐㄧㄠ
鴻;ㄏㄨㄥˊ
萄;ㄊㄠˊ
垂;ㄔㄨㄟˊ
歉;ㄑㄧㄢˋ
搜;ㄙㄡ
辯;ㄅㄧㄢˋ
酵;ㄐㄧㄠˋ
虎;ㄏㄨˇ
猜;ㄘㄞ
鳳;ㄈㄥˋ
凍;ㄉㄨㄥˋ
頗;ㄆㄛ
譜;ㄆㄨˇ
娃;ㄨㄚˊ
徐;ㄒㄩˊ
痕;ㄏㄣˊ
鵝;ㄜˊ
燥;ㄗㄠˋ
驟;ㄓㄡˋ
呀;ㄧㄚ
糊;ㄏㄨ
惱;ㄋㄠˇ
憤;ㄈㄣˋ
爵;ㄐㄩㄝˊ
羽;ㄩˇ
蔥;ㄘㄨㄥ
縫;ㄈㄥˊ
貫;ㄍㄨㄢˋ
魅;ㄇㄟˋ
逢;ㄈㄥˊ
謀;ㄇㄡˊ
繫;ㄒㄧˋ
冊;ㄘㄜˋ
寺;ㄙˋ
卷;ㄐㄩㄢˋ
扯;ㄔㄜˇ
踐;ㄐㄧㄢˋ
卵;ㄌㄨㄢˇ
渴;ㄎㄜˇ
驅;ㄑㄩ
辭;ㄘˊ
蹟;ㄌㄧˋ
玄;ㄒㄩㄢˊ
衫;ㄕㄢ
巷;ㄒㄧㄤˋ
鹿;ㄌㄨˋ
飄;ㄆㄧㄠ
蝶;ㄉㄧㄝˊ
嬤;ㄇㄛˊ
邱;ㄑㄧㄡ
鍊;ㄌㄧㄢˋ
肺;ㄈㄟˋ
臂;ㄅㄧˋ
擋;ㄉㄤˇ
拚;ㄆㄧㄣ
鈴;ㄌㄧㄥˊ
懼;ㄐㄩˋ
贊;ㄗㄢˋ
宙;ㄓㄡˋ
污;ㄨ
拋;ㄆㄠ
披;ㄆㄧ
棟;ㄉㄨㄥˋ
藤;ㄊㄥˊ
貶;ㄅㄧㄢˇ
脊;ㄐㄧˇ
逛;ㄍㄨㄤˋ
蓄;ㄒㄩˋ
裙;ㄑㄩㄣˊ
桿;ㄍㄢ
閣;ㄍㄜˊ
腎;ㄕㄣˋ
魂;ㄏㄨㄣˊ
遙;ㄧㄠˊ
鑽;ㄗㄨㄢ
押;ㄧㄚ
姻;ㄧㄣ
逝;ㄕˋ
栗;ㄌㄧˋ
譯;ㄧˋ
晉;ㄐㄧㄣˋ
賄;ㄏㄨㄟˋ
垃;ㄌㄚ
圾;ㄐㄧ
抑;ㄧˋ
駛;ㄕˇ
蒐;ㄐㄧㄢˋ
祥;ㄒㄧㄤˊ
妥;ㄊㄨㄛˇ
吵;ㄔㄠˇ
姑;ㄍㄨ
廉;ㄌㄧㄢˊ
侯;ㄏㄡˊ
翼;ㄧˋ
漏;ㄌㄡˋ
襯;ㄔㄣˋ
龐;ㄆㄤˊ
澱;ㄉㄧㄢˋ
屁;ㄆㄧˋ
剝;ㄅㄠ
誇;ㄎㄨㄚ
鋒;ㄈㄥ
罷;ㄅㄚˋ
罐;ㄍㄨㄢˋ
恨;ㄏㄣˋ
齒;ㄔˇ
豔;ㄧㄢˋ
址;ㄓˇ
杰;ㄐㄧㄝˊ
扎;ㄗㄚ
虧;ㄎㄨㄟ
洩;ㄒㄧㄝˋ
繩;ㄕㄥˊ
征;ㄓㄥ
泌;ㄇㄧˋ
牡;ㄇㄨˇ
煎;ㄐㄧㄢ
盪;ㄉㄤˋ
夕;ㄒㄧ
捨;ㄕㄜˋ
茄;ㄑㄧㄝˊ
蔔;ㄅㄨˇ
橘;ㄐㄩˊ
悶;ㄇㄣˋ
遮;ㄓㄜ
奔;ㄅㄣ
滯;ㄓˋ
赴;ㄈㄨˋ
歧;ㄑㄧˊ
瞭;ㄌㄧㄠˇ
筒;ㄊㄨㄥˇ
乖;ㄍㄨㄞ
泛;ㄈㄢˋ
頒;ㄅㄢ
趁;ㄔㄣˋ
挖;ㄨㄚ
曬;ㄕㄞˋ
稿;ㄍㄠˇ
斜;ㄒㄧㄝˊ
攀;ㄆㄢ
貢;ㄍㄨㄥˋ
巢;ㄔㄠˊ
躲;ㄉㄨㄛˇ
仇;ㄔㄡˊ
闊;ㄎㄨㄛˋ
貪;ㄊㄢ
攜;ㄒㄧㄝˊ
稀;ㄒㄧ
芳;ㄈㄤ
汐;ㄒㄧ
薯;ㄕㄨˇ
哀;ㄞ
赤;ㄔˋ
埋;ㄇㄞˊ
惑;ㄏㄨㄛˋ
遵;ㄗㄨㄣ
拌;ㄅㄢˋ
頸;ㄐㄧㄥˇ
翰;ㄏㄢˋ
糟;ㄗㄠ
悟;ㄨˋ
怖;ㄅㄨˋ
蒂;ㄉㄧˋ
禍;ㄏㄨㄛˋ
菇;ㄍㄨ
醋;ㄘㄨˋ
倉;ㄘㄤ
銳;ㄖㄨㄟˋ
栽;ㄗㄞ
撥;ㄅㄛ
鉛;ㄑㄧㄢ
撫;ㄈㄨˇ
猛;ㄇㄥˇ
帽;ㄇㄠˋ
譬;ㄆㄧˋ
蛇;ㄕㄜˊ
湧;ㄩㄥˇ
逾;ㄩˊ
彭;ㄆㄥˊ
凸;ㄊㄨ
俱;ㄐㄩˋ
喻;ㄩˋ
戒;ㄐㄧㄝˋ
盜;ㄉㄠˋ
吞;ㄊㄨㄣ
盾;ㄉㄨㄣˋ
叛;ㄆㄢˋ
狼;ㄌㄤˊ
坑;ㄎㄥ
墊;ㄉㄧㄢˋ
旺;ㄨㄤˋ
坊;ㄈㄤ
殿;ㄉㄧㄢˋ
廿;ㄋㄧㄢˋ
溶;ㄖㄨㄥˊ
膏;ㄍㄠ
佩;ㄆㄟˋ
棉;ㄇㄧㄢˊ
軸;ㄓㄡˊ
諧;ㄒㄧㄝˊ
獵;ㄌㄧㄝˋ
鹹;ㄒㄧㄢˊ
擅;ㄕㄢˋ
柴;ㄔㄞˊ
咪;ㄇㄧ
哇;ㄨㄚ
泳;ㄩㄥˇ
籠;ㄌㄨㄥˊ
砂;ㄕㄚ
罩;ㄓㄠˋ
窩;ㄨㄛ
芒;ㄇㄤˊ
飆;ㄅㄧㄠ
忌;ㄐㄧˋ
艱;ㄐㄧㄢ
穆;ㄇㄨˋ
漬;ㄗˋ
鷹;ㄧㄥ
掀;ㄒㄧㄢ
膀;ㄅㄤˇ
殷;ㄧㄣ
裏;ㄌㄧˇ
菊;ㄐㄩˊ
韻;ㄩㄣˋ
勾;ㄍㄡ
叉;ㄔㄚ
逸;ㄧˋ
椎;ㄓㄨㄟ
臥;ㄨㄛˋ
熬;ㄚ˙ㄛ
菁;ㄐㄧㄥ
悅;ㄩㄝˋ
慾;ㄩˋ
趟;ㄊㄤˋ
癒;ㄩˋ
盆;ㄆㄣˊ
崩;ㄅㄥ
艇;ㄊㄧㄥˇ
陌;ㄇㄛˋ
礁;ㄐㄧㄠ
灌;ㄍㄨㄢˋ
寮;ㄌㄧㄠˊ
丘;ㄑㄧㄡ
桑;ㄙㄤ
龜;ㄍㄨㄟ
曹;ㄘㄠˊ
駁;ㄅㄛˊ
痠;ㄙㄨㄢ
欠;ㄑㄧㄢˋ
詮;ㄑㄩㄢˊ
悔;ㄏㄨㄟˇ
衍;ㄧㄢˇ
驕;ㄐㄧㄠ
淹;ㄧㄢ
禪;ㄔㄢˊ
漆;ㄑㄧ
貞;ㄓㄣ
蟹;ㄒㄧㄝˋ
裕;ㄩˋ
麟;ㄌㄧㄣˊ
孟;ㄇㄥˋ
腺;ㄒㄧㄢˋ
粹;ㄘㄨㄟˋ
燕;ㄧㄢˋ
醉;ㄗㄨㄟˋ
帆;ㄈㄢ
盼;ㄆㄢˋ
澄;ㄔㄥˊ
牢;ㄌㄠˊ
螺;ㄌㄨㄛˊ
梨;ㄌㄧˊ
撤;ㄔㄜˋ
賦;ㄈㄨˋ
弦;ㄒㄧㄢˊ
吊;ㄉㄧㄠˋ
孝;ㄒㄧㄠˋ
鼠;ㄕㄨˇ
盧;ㄌㄨˊ
鍾;ㄓㄨㄥ
宴;ㄧㄢˋ
斥;ㄔˋ
誘;ㄧㄡˋ
蜂;ㄈㄥ
瑰;ㄍㄨㄟ
犬;ㄑㄩㄢˇ
弊;ㄅㄧˋ
鏈;ㄌㄧㄢˋ
淇;ㄑㄧˊ
悄;ㄑㄧㄠˇ
眷;ㄐㄩㄢˋ
捏;ㄋㄧㄝ
玲;ㄌㄧㄥˊ
呂;l锟斤拷
兆;ㄓㄠˋ
刮;ㄍㄨㄚ
祈;ㄑㄧˊ
宛;ㄨㄢˇ
嬰;ㄧㄥ
禧;ㄒㄧˇ
欺;ㄑㄧ
臭;ㄔㄡˋ
熊;ㄒㄩㄥˊ
斗;ㄉㄡˇ
弓;ㄍㄨㄥ
濱;ㄅㄧㄣ
峽;ㄒㄧㄚˊ
郎;ㄌㄤˊ
巾;ㄐㄧㄣ
鑄;ㄓㄨˋ
薑;ㄐㄧㄤ
肇;ㄓㄠˋ
框;ㄎㄨㄤˋ
坪;ㄆㄧㄥˊ
摺;ㄓㄜ
粽;ㄗㄨㄥˋ
暈;ㄩㄣˋ
隙;ㄒㄧˋ
晃;ㄏㄨㄤˇ
醇;ㄔㄨㄣˊ
顛;ㄉㄧㄢ
闖;ㄔㄨㄤˇ
瘤;ㄌㄧㄡˊ
烘;ㄏㄨㄥ
踢;ㄊㄧ
欄;ㄌㄢˊ
霜;ㄕㄨㄤ
脾;ㄆㄧˊ
檻;ㄐㄧㄢˋ
趴;ㄆㄚ
寂;ㄐㄧˋ
浩;ㄏㄠˋ
拾;ㄕˊ
兔;ㄊㄨˋ
琳;ㄌㄧㄣˊ
浴;ㄩˋ
勃;ㄅㄛˊ
珊;ㄕㄢ
穀;ㄍㄨˇ
謠;ㄧㄠˊ
玫;ㄇㄟˊ
謹;ㄐㄧㄣˇ
仲;ㄓㄨㄥˋ
蠣;ㄌㄧˋ
鍛;ㄉㄨㄢˋ
傻;ㄕㄚˇ
僚;ㄌㄧㄠˊ
釘;ㄉㄧㄥ
躁;ㄗㄠˋ
髒;ㄗㄤˋ
曝;ㄆㄨˋ
梁;ㄌㄧㄤˊ
匙;ㄔˊ
廂;ㄒㄧㄤ
拓;ㄊㄨㄛˋ
潘;ㄆㄢ
酷;ㄎㄨˋ
慎;ㄕㄣˋ
脹;ㄓㄤˋ
糾;ㄐㄧㄡ
諒;ㄌㄧㄤˋ
柳;ㄌㄧㄡˇ
撒;ㄙㄚ
拘;ㄐㄩ
饋;ㄎㄨㄟˋ
燙;ㄊㄤˋ
撼;ㄏㄢˋ
奢;ㄕㄜ
晴;ㄑㄧㄥˊ
燉;ㄉㄨㄣˋ
罕;ㄏㄢˇ
籲;ㄒㄩ
卸;ㄒㄧㄝˋ
秩;ㄓˋ
馮;ㄈㄥˊ
咳;ㄎㄜˊ
愉;ㄩˊ
蹲;ㄉㄨㄣ
踩;ㄘㄞˇ
賈;ㄐㄧㄚˇ
嫁;ㄐㄧㄚˋ
掩;ㄧㄢˇ
羞;ㄒㄧㄡ
曆;ㄌㄧˋ
樸;ㄆㄨˇ
腔;ㄑㄧㄤ
濫;ㄌㄢˋ
穎;ㄧㄥˇ
嗆;ㄑㄧㄤ
暨;ㄐㄧˋ
欽;ㄑㄧㄣ
蒲;ㄆㄨˊ
勻;ㄩㄣˊ
澎;ㄆㄥˊ
莓;ㄇㄟˊ
哦;ㄛˊ
餡;ㄒㄧㄢˋ
錫;ㄒㄧ
纏;ㄔㄢˊ
赫;ㄏㄜˋ
遜;ㄒㄩㄣˋ
肅;ㄙㄨˋ
廊;ㄌㄤˊ
辰;ㄔㄣˊ
碟;ㄉㄧㄝˊ
艘;ㄙㄡ
牲;ㄕㄥ
呆;ㄉㄞ
沈;ㄕㄣˇ
彥;ㄧㄢˋ
攔;ㄌㄢˊ
娛;ㄩˊ
掘;ㄐㄩㄝˊ
夯;ㄏㄤ
醃;ㄒㄧˇ
歪;ㄨㄞ
薇;ㄨㄟ
屍;ㄕ
獸;ㄕㄡˋ
埔;ㄆㄨˇ
撲;ㄆㄨ
勉;ㄇㄧㄢˇ
澡;ㄗㄠˇ
舟;ㄓㄡ
吾;ㄨˊ
蒜;ㄙㄨㄢˋ
膨;ㄆㄥˊ
氫;ㄑㄧㄥ
岳;ㄩㄝˋ
炫;ㄒㄩㄢˋ
碩;ㄕㄨㄛˋ
勳;ㄒㄩㄣ
檯;ㄊㄞˊ
棵;ㄎㄜ
聘;ㄆㄧㄣˋ
屢;l锟斤拷
魏;ㄨㄟˋ
棚;ㄆㄥˊ
划;ㄏㄨㄚˊ
餓;ㄜˋ
毅;ㄧˋ
寸;ㄘㄨㄣˋ
懲;ㄔㄥˇ
枚;ㄇㄟˊ
淑;ㄕㄨ
崛;ㄐㄩㄝˊ
錶;ㄅㄧㄠˇ
允;ㄩㄣˇ
蕉;ㄐㄧㄠ
臀;ㄊㄨㄣˊ
囊;ㄋㄤˊ
憾;ㄏㄢˋ
籤;ㄑㄧㄢ
禦;ㄩˋ
裸;ㄌㄨㄛˇ
羨;ㄒㄧㄢˋ
鼎;ㄉㄧㄥˇ
芝;ㄓ
彙;ㄏㄨㄟˋ
扇;ㄕㄢˋ
准;ㄓㄨㄣˇ
僵;ㄐㄧㄤ
鄧;ㄉㄥˋ
妮;ㄋㄧ
卓;ㄓㄨㄛˊ
鳴;ㄇㄧㄥˊ
篩;ㄕㄞ
摘;ㄓㄞ
陵;ㄌㄧㄥˊ
衷;ㄓㄨㄥ
煥;ㄏㄨㄢˋ
捧;ㄆㄥˇ
漠;ㄇㄛˋ
虐;n锟斤拷ㄜˋ
辱;ㄖㄨˇ
檸;ㄋㄧㄥˊ
煌;ㄏㄨㄤˊ
屠;ㄊㄨˊ
盈;ㄧㄥˊ
鹼;ㄐㄧㄢˇ
韌;ㄖㄣˋ
賀;ㄏㄜˋ
匠;ㄐㄧㄤˋ
翹;ㄑㄧㄠˊ
恭;ㄍㄨㄥ
彌;ㄇㄧˊ
墓;ㄇㄨˋ
謙;ㄑㄧㄢ
昏;ㄏㄨㄣ
誼;ㄧˋ
撰;ㄓㄨㄢˋ
烹;ㄆㄥ
筍;ㄙㄨㄣˇ
佐;ㄗㄨㄛˇ
泊;ㄅㄛˊ
盲;ㄇㄤˊ
釀;ㄋㄧㄤˋ
枯;ㄎㄨ
碑;ㄅㄟ
嶼;ㄩˇ
郝;ㄏㄠˇ
斌;ㄅㄧㄣ
濁;ㄓㄨㄛˊ
廖;ㄌㄧㄠˋ
遶;ㄕㄤˋ
猿;ㄩㄢˊ
禽;ㄑㄧㄣˊ
崎;ㄑㄧˊ
寵;ㄔㄨㄥˇ
戚;ㄑㄧ
潑;ㄆㄛ
檬;ㄇㄥˊ
詐;ㄓㄚˋ
註;ㄓㄨˋ
矛;ㄇㄠˊ
昂;ㄤˊ
葬;ㄗㄤˋ
翔;ㄒㄧㄤˊ
嶺;ㄌㄧㄥˇ
侶;l锟斤拷
劣;ㄌㄧㄝˋ
丸;ㄨㄢˊ
雇;ㄍㄨˋ
旬;ㄒㄩㄣˊ
牧;ㄇㄨˋ
蘊;ㄩㄣˋ
頰;ㄐㄧㄚˊ
睫;ㄐㄧㄝˊ
伽;ㄑㄧㄝˊ
遂;ㄙㄨㄟˋ
儒;ㄖㄨˊ
聆;ㄌㄧㄥˊ
廁;ㄘㄜˋ
焙;ㄅㄟˋ
械;ㄒㄧㄝˋ
燭;ㄓㄨˊ
卦;ㄍㄨㄚˋ
碧;ㄅㄧˋ
醜;ㄔㄡˇ
繽;ㄅㄧㄣ
御;ㄩˋ
叔;ㄕㄨ
刪;ㄕㄢ
萎;ㄨㄟˇ
撿;ㄐㄧㄢˇ
桂;ㄍㄨㄟˋ
蔻;ㄎㄡˋ
胰;ㄧˊ
鈣;ㄍㄞˋ
夷;ㄧˊ
瑋;ㄨㄟˇ
諷;ㄈㄥˇ
惹;ㄖㄜˇ
芭;ㄅㄚ
兇;ㄒㄩㄥ
襪;ㄨㄚˋ
翁;ㄨㄥ
蠟;ㄌㄚˋ
杉;ㄕㄢ
舌;ㄕㄜˊ
逗;ㄉㄡˋ
耕;ㄍㄥ
溢;ㄧˋ
捉;ㄓㄨㄛ
馨;ㄒㄧㄣ
騷;ㄙㄠ
轎;ㄐㄧㄠˋ
薰;ㄒㄩㄣ
凹;ㄚ˙ㄛ
芙;ㄈㄨˊ
肘;ㄓㄡˇ
犧;ㄒㄧ
湊;ㄘㄡˋ
慌;ㄏㄨㄤ
杏;ㄒㄧㄥˋ
浸;ㄐㄧㄣˋ
匹;ㄆㄧˇ
詹;ㄓㄢ
銜;ㄒㄧㄢˊ
盯;ㄉㄧㄥ
芽;ㄧㄚˊ
糧;ㄌㄧㄤˊ
沸;ㄈㄟˋ
昆;ㄎㄨㄣ
寓;ㄩˋ
姬;ㄐㄧ
噸;ㄉㄨㄣ
舖;舖
胺;ㄢˋ
卅;ㄙㄚˋ
懶;ㄌㄢˇ
敷;ㄈㄨ
瞧;ㄑㄧㄠˊ
仗;ㄓㄤˋ
削;ㄒㄧㄠ
甄;ㄓㄣ
郁;ㄩˋ
濤;ㄊㄠ
楓;ㄈㄥ
坎;ㄎㄢˇ
莖;ㄐㄧㄥ
摧;ㄘㄨㄟ
溯;ㄙㄨˋ
萌;ㄇㄥˊ
廈;ㄕㄚˋ
矚;ㄓㄨˇ
趾;ㄓˇ
萃;ㄘㄨㄟˋ
傘;ㄙㄢˇ
嗽;ㄙㄡˋ
齁;ㄓㄥ
紓;ㄕㄨ
裹;ㄍㄨㄛˇ
鞭;ㄅㄧㄢ
碌;ㄌㄨˋ
疆;ㄐㄧㄤ
丈;ㄓㄤˋ
呵;ㄏㄜ
憐;ㄌㄧㄢˊ
盃;ㄅㄟ
嘲;ㄔㄠˊ
釣;ㄉㄧㄠˋ
堵;ㄉㄨˇ
隧;ㄙㄨㄟˋ
嗯;锟?
髓;ㄙㄨㄟˇ
窯;ㄧㄠˊ
餃;ㄐㄧㄠˇ
狄;ㄉㄧˊ
穴;ㄒㄩㄝˊ
閩;ㄇㄧㄣˇ
紗;ㄕㄚ
灸;ㄐㄧㄡˇ
誒;ㄟ
瑕;ㄒㄧㄚˊ
繃;ㄅㄥ
歇;ㄒㄧㄝ
墜;ㄓㄨㄟˋ
燦;ㄘㄢˋ
吻;ㄨㄣˇ
賜;ㄘˋ
訝;ㄧㄚˋ
巫;ㄨ
謊;ㄏㄨㄤˇ
砍;ㄎㄢˇ
裔;ㄧˋ
癮;ㄧㄣˇ
鏽;ㄒㄧㄡˋ
笛;ㄉㄧˊ
艙;ㄘㄤ
樑;ㄌㄧㄤˊ
婷;ㄊㄧㄥˊ
叢;ㄘㄨㄥˊ
寞;ㄇㄛˋ
溜;ㄌㄧㄡ
煉;ㄌㄧㄢˋ
疹;ㄓㄣˇ
摔;ㄕㄨㄞ
濾;l锟斤拷
攪;ㄐㄧㄠˇ
舅;ㄐㄧㄡˋ
喉;ㄏㄡˊ
掙;ㄓㄥˋ
埕;ㄔㄥˊ
塌;ㄊㄚ
岡;ㄍㄤ
啤;ㄆㄧˊ
齣;ㄔㄨ
締;ㄉㄧˋ
于;ㄩˊ
瀾;ㄌㄢˊ
蝴;ㄏㄨˊ
渦;ㄨㄛ
矽;ㄒㄧ
丑;ㄔㄡˇ
株;ㄓㄨ
髖;ㄎㄨㄢ
唸;唸
淪;ㄌㄨㄣˊ
嘯;ㄒㄧㄠˋ
遣;ㄑㄧㄢˇ
恥;ㄔˇ
函;ㄏㄢˊ
乍;ㄓㄚˋ
唷;yㄛ
堤;ㄉㄧ
梭;ㄙㄨㄛ
皺;ㄓㄡˋ
町;ㄊㄧㄥˇ
昔;ㄒㄧ
蕩;ㄉㄤˋ
紡;ㄈㄤˇ
滲;ㄕㄣˋ
樟;ㄓㄤ
緯;ㄨㄟˇ
甦;ㄙㄨ
余;ㄩˊ
潰;ㄎㄨㄟˋ
履;l锟斤拷
晰;ㄒㄧ
奕;ㄧˋ
撕;ㄙ
昇;ㄕㄥ
扛;ㄎㄤˊ
紮;ㄗㄚ
庸;ㄩㄥ
霍;ㄏㄨㄛˋ
遼;ㄌㄧㄠˊ
傍;ㄅㄤˋ
潢;ㄏㄨㄤˊ
耍;ㄕㄨㄚˇ
札;ㄓㄚˊ
祀;ㄙˋ
狹;ㄒㄧㄚˊ
凶;ㄒㄩㄥ
吟;ㄧㄣˊ
霾;ㄇㄞˊ
淘;ㄊㄠˊ
鋁;l锟斤拷
腕;ㄨㄢˋ
愁;ㄔㄡˊ
妃;ㄈㄟ
廓;ㄎㄨㄛˋ
輻;ㄈㄨˊ
珈;ㄐㄧㄚ
催;ㄘㄨㄟ
奠;ㄉㄧㄢˋ
婉;ㄨㄢˇ
畏;ㄨㄟˋ
拱;ㄍㄨㄥˇ
聳;ㄙㄨㄥˇ
疤;ㄅㄚ
瑯;瑯
椰;ㄧㄝ
簿;ㄅㄨˋ
沃;ㄨㄛˋ
俐;ㄌㄧˋ
枕;ㄓㄣˇ
矮;ㄞˇ
俯;ㄈㄨˇ
噢;ㄛ
癡;ㄔ
斬;ㄓㄢˇ
挨;ㄞ
釐;ㄌㄧˊ
茫;ㄇㄤˊ
愧;ㄎㄨㄟˋ
奴;ㄋㄨˊ
芋;ㄩˋ
旨;ㄓˇ
狠;ㄏㄣˇ
宰;ㄗㄞˇ
喧;ㄒㄩㄢ
鑰;ㄩㄝˋ
苑;ㄩㄢˋ
酪;ㄌㄠˋ
窄;ㄓㄞˇ
竊;ㄑㄧㄝˋ
昭;ㄓㄠ
瓊;ㄑㄩㄥˊ
訟;ㄙㄨㄥˋ
睹;ㄉㄨˇ
槽;ㄘㄠˊ
甸;ㄉㄧㄢˋ
緬;ㄇㄧㄢˇ
蕙;ㄏㄨㄟˋ
鈔;ㄔㄠ
鈞;ㄐㄩㄣ
蚊;ㄨㄣˊ
炙;ㄓˋ
竭;ㄐㄧㄝˊ
竄;ㄘㄨㄢˋ
囚;ㄑㄧㄡˊ
雀;ㄑㄩㄝˋ
啥;ㄕㄚˊ
袍;ㄆㄠˊ
滷;ㄌㄨˇ
潭;ㄊㄢˊ
糙;ㄘㄠ
陀;ㄊㄨㄛˊ
綴;ㄓㄨㄟˋ
窘;ㄐㄩㄥˇ
轄;ㄒㄧㄚˊ
諺;ㄧㄢˋ
沛;ㄆㄟˋ
汪;ㄨㄤ
旱;ㄏㄢˋ
蕊;ㄖㄨㄟˇ
迄;ㄑㄧˋ
婭;ㄧㄚˋ
丙;ㄅㄧㄥˇ
寡;ㄍㄨㄚˇ
姨;ㄧˊ
嚮;ㄒㄧㄤˋ
弗;ㄈㄨˊ
亨;ㄏㄥ
尬;ㄍㄚˋ
頃;ㄑㄧㄥˇ
侈;ㄔˇ
汰;ㄊㄞˋ
矯;ㄐㄧㄠˇ
撈;ㄌㄠ
嬌;ㄐㄧㄠ
咱;ㄗㄢˊ
瞄;ㄇㄧㄠˊ
韋;ㄨㄟˊ
倦;ㄐㄩㄢˋ
溼;溼
姍;ㄕㄢ
兌;ㄉㄨㄟˋ
擎;ㄑㄧㄥˊ
鬍;ㄏㄨˊ
詠;ㄩㄥˇ
蔗;ㄓㄜˋ
范;ㄈㄢˋ
骼;ㄍㄜˊ
絃;絃
雯;ㄨㄣˊ
睜;ㄓㄥ
訣;ㄐㄩㄝˊ
伐;ㄈㄚˊ
沫;ㄇㄛˋ
笨;ㄅㄣˋ
曦;ㄒㄧ
毯;ㄊㄢˇ
茂;ㄇㄠˋ
簾;ㄌㄧㄢˊ
渾;ㄏㄨㄣˊ
淵;ㄩㄢ
挽;ㄨㄢˇ
賭;ㄉㄨˇ
橡;ㄒㄧㄤˋ
咚;ㄉㄨㄥ
絨;ㄖㄨㄥˊ
犀;ㄒㄧ
恤;ㄒㄩˋ
雌;ㄘˊ
乙;ㄧˇ
嘔;ㄡˇ
錐;ㄓㄨㄟ
秉;ㄅㄧㄥˇ
釵;ㄔㄞ
穫;ㄏㄨㄛˋ
暇;ㄒㄧㄚˊ
盞;ㄓㄢˇ
邪;ㄒㄧㄝˊ
矩;ㄐㄩˇ
瑩;ㄧㄥˊ
弘;ㄏㄨㄥˊ
欸;欸
軒;ㄒㄩㄢ
庶;ㄕㄨˋ
癢;ㄧㄤˇ
蓬;ㄆㄥˊ
掏;ㄊㄠ
嗅;ㄒㄧㄡˋ
倆;ㄌㄧㄤˇ
揉;ㄖㄡˊ
剖;ㄆㄡ
蔭;ㄧㄣ
倡;ㄔㄤˋ
靖;ㄐㄧㄥˋ
箏;ㄓㄥ
拇;ㄇㄨˇ
坤;ㄎㄨㄣ
怡;ㄧˊ
棲;ㄑㄧ
藻;ㄗㄠˇ
阮;ㄖㄨㄢˇ
霖;ㄌㄧㄣˊ
飼;ㄙˋ
朴;ㄆㄨˇ
抖;ㄉㄡˇ
叮;ㄉㄧㄥ
諮;ㄗ
蔓;ㄨㄢˋ
虹;ㄏㄨㄥˊ
芯;ㄒㄧㄣ
稚;ㄓˋ
擱;ㄍㄜ
鶯;ㄧㄥ
鴉;ㄧㄚ
覓;ㄇㄧˋ
肆;ㄙˋ
餵;ㄨㄟˋ
嗚;ㄨ
琺;ㄈㄚˋ
蕎;ㄑㄧㄠˊ
郊;ㄐㄧㄠ
珀;ㄆㄛˋ
熙;ㄒㄧ
焰;ㄧㄢˋ
頌;ㄙㄨㄥˋ
肖;ㄒㄧㄠ
勘;ㄎㄢ
匪;ㄈㄟˇ
竿;ㄍㄢ
媳;ㄒㄧˊ
蓉;ㄖㄨㄥˊ
姜;ㄐㄧㄤ
挾;ㄒㄧㄝˊ
豚;ㄊㄨㄣˊ
梵;ㄈㄢˋ
吋;吋
贖;ㄕㄨˊ
繡;ㄒㄧㄡˋ
慨;ㄎㄞˇ
崑;ㄎㄨㄣ
靴;ㄒㄩㄝ
菱;ㄌㄧㄥˊ
蛙;ㄨㄚ
磯;ㄐㄧ
棗;ㄗㄠˇ
絞;ㄐㄧㄠˇ
勿;ㄨˋ
洶;ㄒㄩㄥ
砸;ㄗㄚˊ
芮;ㄖㄨㄟˋ
抒;ㄕㄨ
闢;ㄅㄧˋ
駭;ㄏㄞˋ
沱;ㄊㄨㄛˊ
襄;ㄒㄧㄤ
娼;ㄔㄤ
榕;ㄖㄨㄥˊ
掠;l锟斤拷ㄜˋ
穗;ㄙㄨㄟˋ
癥;ㄓㄥˋ
曰;ㄩㄝ
禎;ㄓㄣ
霞;ㄒㄧㄚˊ
詭;ㄍㄨㄟˇ
駝;ㄊㄨㄛˊ
蒼;ㄘㄤ
茨;ㄘˊ
瑟;ㄙㄜˋ
尷;ㄍㄢ
甕;ㄨㄥˋ
繹;ㄧˋ
壺;ㄏㄨˊ
瓣;ㄅㄢˋ
敞;ㄔㄤˇ
媚;ㄇㄟˋ
攏;ㄌㄨㄥˇ
翠;ㄘㄨㄟˋ
浦;ㄆㄨˇ
挪;ㄋㄨㄛˊ
俏;ㄑㄧㄠˋ
崔;ㄘㄨㄟ
圳;ㄓㄣˋ
哮;ㄒㄧㄠˋ
缸;ㄍㄤ
槓;ㄍㄤˋ
杭;ㄏㄤˊ
湛;ㄓㄢˋ
鯨;ㄐㄧㄥ
跪;ㄍㄨㄟˋ
踝;ㄏㄨㄞˊ
佑;ㄧㄡˋ
褐;ㄏㄜˋ
艋;ㄇㄥˇ
舺;舺
瞼;ㄐㄧㄢˇ
梗;ㄍㄥˇ
磷;ㄌㄧㄣˊ
沮;ㄐㄩˇ
拯;ㄓㄥˇ
蝕;ㄕˊ
蠢;ㄔㄨㄣˇ
誦;ㄙㄨㄥˋ
柚;ㄧㄡˋ
爪;ㄓㄠˇ
嘟;ㄉㄨ
嚼;ㄐㄧㄠˊ
橙;ㄔㄥˊ
粄;粄
耿;ㄍㄥˇ
妓;ㄐㄧˋ
僱;ㄍㄨˋ
侍;ㄕˋ
鉅;ㄐㄩˋ
虞;ㄩˊ
溥;ㄆㄨˇ
搓;ㄘㄨㄛ
硫;ㄌㄧㄡˊ
譚;ㄊㄢˊ
岱;ㄉㄞˋ
庚;ㄍㄥ
墾;ㄎㄣˇ
寢;ㄑㄧㄣˇ
疵;ㄘ
噁;ㄜˋ
冤;ㄩㄢ
瀉;ㄒㄧㄝˋ
冥;ㄇㄧㄥˊ
馳;ㄔˊ
綻;ㄓㄢˋ
逮;ㄉㄞˋ
伙;ㄏㄨㄛˇ
懇;ㄎㄣˇ
囂;ㄒㄧㄠ
匿;ㄋㄧˋ
誓;ㄕˋ
奎;ㄎㄨㄟˊ
飢;ㄐㄧ
泣;ㄑㄧˋ
蘑;ㄇㄛˊ
嶄;ㄓㄢˇ
伶;ㄌㄧㄥˊ
樁;ㄓㄨㄤ
瑤;ㄧㄠˊ
掰;ㄅㄞ
宵;ㄒㄧㄠ
痘;ㄉㄡˋ
霉;ㄇㄟˊ
鑾;ㄌㄨㄢˊ
磅;ㄅㄤˋ
娶;ㄑㄩˇ
悍;ㄏㄢˋ
魄;ㄆㄛˋ
匆;ㄘㄨㄥ
洽;ㄑㄧㄚˋ
篤;ㄉㄨˇ
鮑;ㄅㄠˋ
欖;ㄌㄢˇ
茱;ㄓㄨ
垮;ㄎㄨㄚˇ
扒;ㄅㄚ
炭;ㄊㄢˋ
渣;ㄓㄚ
瞎;ㄒㄧㄚ
饕;ㄊㄠ
辜;ㄍㄨ
蕨;ㄐㄩㄝˊ
澀;ㄙㄜˋ
窺;ㄎㄨㄟ
恬;ㄊㄧㄢˊ
狐;ㄏㄨˊ
昧;ㄇㄟˋ
怯;ㄑㄧㄝˋ
紳;ㄕㄣ
壟;ㄌㄨㄥˇ
庇;ㄅㄧˋ
峙;ㄓˋ
俠;ㄒㄧㄚˊ
鉤;ㄍㄡ
靡;ㄇㄧˊ
棧;ㄓㄢˋ
眩;ㄒㄩㄢˋ
矣;ㄧˇ
峻;ㄐㄩㄣˋ
顎;ㄜˋ
檳;ㄅㄧㄣ
娟;ㄐㄩㄢ
豹;ㄅㄠˋ
丼;丼
揪;ㄐㄧㄡ
芸;ㄩㄣˊ
倚;ㄧˇ
儕;ㄔㄞˊ
卿;ㄑㄧㄥ
嘎;ㄍㄚ
賤;ㄐㄧㄢˋ
閥;ㄈㄚˊ
葵;ㄎㄨㄟˊ
橄;ㄍㄢˇ
饒;ㄖㄠˊ
豫;ㄩˋ
崖;ㄧㄚˊ
庄;ㄓㄨㄤ
粥;ㄓㄡ
劈;ㄆㄧ
霹;ㄆㄧ
靂;ㄌㄧˋ
稠;ㄔㄡˊ
斂;ㄌㄧㄢˇ
祇;祇
阪;ㄅㄢˇ
偽;ㄨㄟˇ
澈;ㄔㄜˋ
幡;ㄈㄢ
抉;ㄐㄩㄝˊ
瀏;ㄌㄧㄡˊ
脖;ㄅㄛˊ
塢;ㄨˋ
黛;ㄉㄞˋ
肋;ㄌㄟˋ
抨;ㄆㄥ
芊;ㄑㄧㄢ
樺;ㄏㄨㄚˋ
暱;暱
賊;ㄗㄟˊ
攬;ㄌㄢˇ
噪;ㄗㄠˋ
喃;ㄋㄢˊ
胥;ㄒㄩ
琢;ㄓㄨㄛˊ
猴;ㄏㄡˊ
鑼;ㄌㄨㄛˊ
皂;ㄗㄠˋ
綸;ㄌㄨㄣˊ
甫;ㄈㄨˇ
鈕;ㄋㄧㄡˇ
畔;ㄆㄢˋ
麩;ㄈㄨ
餛;ㄏㄨㄣˊ
飩;ㄊㄨㄣˊ
仕;ㄕˋ
蛤;ㄍㄜˊ
橢;ㄊㄨㄛˇ
囤;ㄉㄨㄣˋ
畜;ㄒㄩˋ
隍;ㄏㄨㄤˊ
釉;ㄧㄡˋ
漾;ㄧㄤˋ
汝;ㄖㄨˇ
淮;ㄏㄨㄞˊ
諦;ㄉㄧˋ
甩;ㄕㄨㄞˇ
阱;ㄐㄧㄥˇ
戳;ㄔㄨㄛ
愚;ㄩˊ
筷;ㄎㄨㄞˋ
屑;ㄒㄧㄝˋ
蟻;ㄧˇ
拭;ㄕˋ
鎂;ㄇㄟˇ
蔚;ㄨㄟˋ
瑚;ㄏㄨˊ
鱗;ㄌㄧㄣˊ
螃;ㄆㄤˊ
濛;濛
淳;ㄔㄨㄣˊ
僧;ㄙㄥ
豈;ㄑㄧˇ
鞏;ㄍㄨㄥˇ
淤;ㄩ
叭;ㄅㄚ
焚;ㄈㄣˊ
炯;ㄐㄩㄥˇ
壩;ㄅㄚˋ
樞;ㄕㄨ
戎;ㄖㄨㄥˊ
茸;ㄖㄨㄥˊ
婿;ㄒㄩˋ
鶴;ㄏㄜˋ
寨;ㄓㄞˋ
緝;ㄐㄧ
裱;ㄅㄧㄠˇ
倘;ㄊㄤˇ
燻;燻
棺;ㄍㄨㄢ
嫡;ㄉㄧˊ
烯;ㄒㄧ
臍;ㄑㄧˊ
顴;ㄑㄩㄢˊ
嗜;ㄕˋ
劫;ㄐㄧㄝˊ
溺;ㄋㄧˋ
渺;ㄇㄧㄠˇ
琪;ㄑㄧˊ
丞;ㄔㄥˊ
徽;ㄏㄨㄟ
軀;ㄑㄩ
眶;ㄎㄨㄤˋ
剎;ㄔㄚˋ
顫;ㄔㄢˋ
喀;ㄎㄚ
柑;ㄍㄢ
蚵;ㄎㄜ
嘿;ㄏㄟ
汶;ㄨㄣˋ
嚕;ㄌㄨ
壤;ㄖㄤˇ
噓;ㄒㄩ
禱;ㄉㄠˇ
僻;ㄆㄧˋ
諱;ㄏㄨㄟˋ
嘻;ㄒㄧ
斟;ㄓㄣ
煤;ㄇㄟˊ
凳;ㄉㄥˋ
輿;ㄩˊ
攸;ㄧㄡ
幟;ㄓˋ
卒;ㄗㄨˊ
屜;ㄊㄧˋ
卜;ㄅㄨˇ
弧;ㄏㄨˊ
櫥;ㄔㄨˊ
睞;ㄌㄞˋ
梳;ㄕㄨ
嗡;ㄨㄥ
伺;ㄙˋ
縛;ㄈㄨˋ
煞;ㄕㄚ
轍;ㄓㄜˊ
鉀;ㄐㄧㄚˇ
艷;ㄧㄢˋ
晏;ㄧㄢˋ
醣;ㄊㄤˊ
誡;ㄐㄧㄝˋ
烙;ㄌㄠˋ
窟;ㄎㄨ
棍;ㄍㄨㄣˋ
謬;ㄇㄧㄡˋ
撇;ㄆㄧㄝ
揣;ㄔㄨㄞˇ
咧;ㄌㄧㄝˇ
晝;ㄓㄡˋ
啞;ㄧㄚˇ
茅;ㄇㄠˊ
倖;ㄒㄧㄥˋ
咒;ㄓㄡˋ
黴;ㄇㄟˊ
懈;ㄒㄧㄝˋ
癱;ㄊㄢ
駿;ㄐㄩㄣˋ
憊;ㄅㄟˋ
喇;ㄌㄚˇ
鍰;ㄏㄨㄢˊ
茜;ㄑㄧㄢˋ
吼;ㄏㄡˇ
亢;ㄎㄤˋ
釁;ㄒㄧㄣˋ
兀;ㄨˋ
髦;ㄇㄠˊ
鑲;ㄒㄧㄤ
棕;ㄗㄨㄥ
彬;ㄅㄧㄣ
嬉;ㄒㄧ
擲;ㄓˋ
駒;ㄐㄩ
軻;ㄎㄜ
妾;ㄑㄧㄝˋ
羲;ㄒㄧ
哨;ㄕㄠˋ
巿;巿
佰;ㄅㄞˇ
琉;ㄌㄧㄡˊ
萱;ㄒㄩㄢ
厘;ㄌㄧˊ
汞;ㄍㄨㄥˇ
氾;氾
刃;ㄖㄣˋ
焉;ㄧㄢ
皰;ㄆㄠˋ
搗;ㄉㄠˇ
崙;ㄌㄨㄣˊ
駱;ㄌㄨㄛˋ
抄;ㄔㄠ
柵;ㄓㄚˋ
拐;ㄍㄨㄞˇ
羹;ㄍㄥ
蕪;ㄨˊ
鑿;ㄗㄠˊ
咕;ㄍㄨ
饗;ㄒㄧㄤˇ
哉;ㄗㄞ
糯;ㄋㄨㄛˋ
苛;ㄎㄜ
瀟;ㄒㄧㄠ
嫉;ㄐㄧ
囑;ㄓㄨˇ
鮭;ㄍㄨㄟ
僕;ㄆㄨ
弈;ㄧˋ
碁;碁
撩;ㄌㄧㄠ
姚;ㄧㄠˊ
堃;堃
綽;ㄔㄨㄛˋ
娓;ㄨㄟˇ
儼;ㄧㄢˇ
崗;ㄍㄤˇ
繆;ㄇㄡˊ
崧;ㄙㄨㄥ
氯;l锟斤拷
芹;ㄑㄧㄣˊ
醯;ㄒㄧㄢ
戈;ㄍㄜ
蒨;ㄊㄤ
炳;ㄅㄧㄥˇ
膳;ㄕㄢˋ
筠;ㄩㄣˊ
槳;ㄐㄧㄤˇ
鉉;ㄒㄩㄢˋ
鋰;ㄌㄧˇ
爲;ㄨㄟˊ
晞;晞
眸;ㄇㄡˊ
巔;ㄉㄧㄢ
竅;ㄑㄧㄠˋ
弛;ㄔˊ
暮;ㄇㄨˋ
霄;ㄒㄧㄠ
妄;ㄨㄤˋ
鐸;ㄉㄨㄛˊ
笠;ㄌㄧˋ
滬;ㄏㄨˋ
悼;ㄉㄠˋ
瑣;ㄙㄨㄛˇ
歹;ㄉㄞˇ
吶;ㄋㄚˋ
桐;ㄊㄨㄥˊ
曙;ㄕㄨˇ
璀;ㄘㄨㄟˇ
璨;ㄘㄢˋ
魁;ㄎㄨㄟˊ
怠;ㄉㄞˋ
哼;ㄏㄥ
摯;ㄓˋ
芥;ㄐㄧㄝˋ
榻;ㄊㄚˋ
沁;ㄑㄧㄣˋ
粟;ㄙㄨˋ
籬;ㄌㄧˊ
曖;ㄞˋ
冕;ㄇㄧㄢˇ
懊;ㄚ˙ㄛˋ
忱;ㄔㄣˊ
捍;ㄏㄢˋ
腱;ㄐㄧㄢˋ
寇;ㄎㄡˋ
咽;ㄧㄢ
鵬;ㄆㄥˊ
闡;ㄔㄢˇ
疇;ㄔㄡˊ
謎;ㄇㄧˊ
晤;ㄨˋ
侃;ㄎㄢˇ
贅;ㄓㄨㄟˋ
滔;ㄊㄠ
諜;ㄉㄧㄝˊ
腥;ㄒㄧㄥ
柬;ㄐㄧㄢˇ
梶;梶
豎;ㄕㄨˋ
隋;ㄙㄨㄟˊ
匈;ㄒㄩㄥ
惟;ㄨㄟˊ
嵌;ㄑㄧㄢˋ
畸;ㄐㄧ
禾;ㄏㄜˊ
孰;ㄕㄨˊ
韶;ㄕㄠˊ
凋;ㄉㄧㄠ
雛;ㄔㄨˊ
祠;ㄘˊ
蚋;ㄖㄨㄟˋ
荔;ㄌㄧˋ
箔;ㄅㄛˊ
胚;ㄆㄟ
劾;ㄏㄜˊ
稽;ㄐㄧ
龔;ㄍㄨㄥ
妞;ㄋㄧㄡ
揀;ㄐㄧㄢˇ
鬚;ㄒㄩ
娥;ㄜˊ
妍;ㄧㄢˊ
苷;ㄍㄢ
叨;ㄊㄠ
祿;ㄌㄨˋ
漓;ㄌㄧˊ
隸;ㄌㄧˋ
痊;ㄑㄩㄢˊ
榨;ㄓㄚˋ
侷;侷
恍;ㄏㄨㄤˇ
癲;ㄉㄧㄢ
佼;ㄐㄧㄠˇ
徘;ㄆㄞˊ
徊;ㄏㄨㄞˊ
輒;ㄓㄜˊ
羈;ㄐㄧ
拙;ㄓㄨㄛ
簷;簷
鯖;ㄑㄧㄥ
邸;ㄉㄧˇ
粿;粿
沼;ㄓㄠˇ
嵐;ㄌㄢˊ
盎;ㄤˋ
鰻;ㄇㄢˊ
狸;ㄌㄧˊ
帖;ㄊㄧㄝˋ
醞;ㄩㄣˋ
咎;ㄐㄧㄡˋ
惕;ㄊㄧˋ
籽;ㄗˇ
闌;ㄌㄢˊ
鋸;ㄐㄩˋ
袱;ㄈㄨˊ
釦;ㄐㄧㄚˊ
鍍;ㄉㄨˋ
塘;ㄊㄤˊ
陋;ㄌㄡˋ
翅;ㄔˋ
瀚;ㄏㄢˋ
迭;ㄉㄧㄝˊ
瞰;ㄎㄢˋ
晒;ㄕㄞˋ
黯;ㄢˋ
啾;ㄐㄧㄡ
炊;ㄔㄨㄟ
穌;ㄙㄨ
瀰;ㄇㄧˊ
荊;ㄐㄧㄥ
肽;ㄊㄞˋ
皿;ㄇㄧㄣˇ
搏;ㄅㄛˊ
扳;ㄅㄢ
鳶;ㄩㄢ
圻;ㄑㄧˊ
囍;囍
旭;ㄒㄩˋ
絆;ㄅㄢˋ
疚;ㄐㄧㄡˋ
褪;ㄊㄨㄣˋ
蠕;ㄖㄨˊ
儉;ㄐㄧㄢˇ
捆;ㄎㄨㄣˇ
慷;ㄎㄤ
斧;ㄈㄨˇ
灼;ㄓㄨㄛˊ
摻;ㄔㄢ
兮;ㄒㄧ
鮪;ㄨㄟˇ
眺;ㄊㄧㄠˋ
驥;ㄐㄧˋ
唉;ㄞ
蹦;ㄅㄥˋ
糬;糬
瀕;ㄅㄧㄣ
噌;ㄘㄥ
琥;ㄏㄨˇ
拂;ㄈㄨˊ
蛻;ㄊㄨㄟˋ
琵;ㄆㄧˊ
琶;ㄆㄚˊ
瞞;ㄇㄢˊ
哄;ㄏㄨㄥ
嗓;ㄙㄤˇ
擄;ㄌㄨˇ
蔽;ㄅㄧˋ
酌;ㄓㄨㄛˊ
遴;ㄌㄧㄣˊ
揹;揹
祉;ㄓˇ
瞻;ㄓㄢ
侮;ㄨˇ
熄;ㄒㄧ
屎;ㄕˇ
眨;ㄓㄚˇ
汲;ㄐㄧˊ
糞;ㄈㄣˋ
諭;ㄩˋ
琦;ㄑㄧˊ
咸;ㄒㄧㄢˊ
簧;ㄏㄨㄤˊ
耆;ㄑㄧˊ
鞅;ㄧㄤ
薛;ㄒㄩㄝ
圭;ㄍㄨㄟ
閨;ㄍㄨㄟ
榔;ㄌㄤˊ
錘;ㄔㄨㄟˊ
蘆;ㄌㄨˊ
拎;ㄌㄧㄣ
桓;ㄏㄨㄢˊ
寅;ㄧㄣˊ
匡;ㄎㄨㄤ
麒;ㄑㄧˊ
鈉;ㄋㄚˋ
俞;ㄩˊ
顳;ㄋㄧㄝˋ
呎;呎
苯;ㄅㄣˇ
櫓;ㄌㄨˇ
厝;ㄘㄨㄛˋ
聶;ㄋㄧㄝˋ
塚;ㄓㄨㄥˇ
徙;ㄒㄧˇ
槿;ㄐㄧㄣˇ
嫚;嫚
腮;ㄙㄞ
梆;ㄅㄤ
妊;ㄖㄣˋ
偕;ㄒㄧㄝˊ
輾;ㄓㄢˇ
惶;ㄏㄨㄤˊ
簇;ㄘㄨˋ
泄;ㄒㄧㄝˋ
傢;ㄐㄧㄚ
弔;ㄉㄧㄠˋ
禿;ㄊㄨ
螞;ㄇㄚˇ
嚨;ㄌㄨㄥˊ
廬;ㄌㄨˊ
楷;ㄎㄞˇ
矗;ㄔㄨˋ
勺;ㄕㄠˊ
剔;ㄊㄧ
妖;ㄧㄠ
譴;ㄑㄧㄢˇ
嘩;ㄏㄨㄚˊ
燜;ㄇㄣˋ
搔;ㄙㄠ
祐;祐
迢;ㄊㄧㄠˊ
殭;ㄐㄧㄤ
蠶;ㄘㄢˊ
斐;ㄈㄟ
瞪;ㄉㄥˋ
蝸;ㄨㄛ
忿;ㄈㄣˋ
忡;ㄔㄨㄥ
僑;ㄑㄧㄠˊ
蟬;ㄔㄢˊ
粱;ㄌㄧㄤˊ
躬;ㄍㄨㄥ
挹;ㄧˋ
痙;ㄐㄧㄥˋ
顱;ㄌㄨˊ
羚;ㄌㄧㄥˊ
陲;ㄔㄨㄟˊ
頤;ㄧˊ
瀑;ㄆㄨˋ
緋;ㄈㄟ
堯;ㄧㄠˊ
綢;ㄔㄡˊ
緞;ㄉㄨㄢˋ
沐;ㄇㄨˋ
膛;ㄊㄤˊ
摹;ㄇㄛˊ
熾;ㄔˋ
棘;ㄐㄧˊ
郡;ㄐㄩㄣˋ
墅;ㄕㄨˋ
蚯;ㄑㄧㄡ
蚓;ㄧㄣˇ
酶;ㄇㄟˊ
氨;ㄢ
鋅;ㄒㄧㄣ
鞦;ㄑㄧㄡ
韆;ㄑㄧㄢ
腑;ㄈㄨˇ
帛;ㄅㄛˊ
馭;ㄩˋ
琅;ㄌㄤˊ
酮;ㄊㄨㄥˊ
鎊;ㄅㄤˋ
璞;ㄆㄨˊ
晟;ㄕㄥˋ
藩;ㄈㄢ
卯;ㄇㄠˇ
甯;ㄋㄧㄥˊ
尹;ㄧㄣˇ
氘;ㄉㄠ
徬;徬
徨;ㄏㄨㄤˊ
慚;ㄘㄢˊ
吏;ㄌㄧˋ
姦;ㄐㄧㄢ
亥;ㄏㄞˋ
朽;ㄒㄧㄡˇ
柄;ㄅㄧㄥˇ
捩;ㄌㄧㄝˋ
茁;ㄓㄨㄛˊ
踵;ㄓㄨㄥˇ
涕;ㄊㄧˋ
晦;ㄏㄨㄟˋ
乞;ㄑㄧˇ
囪;ㄘㄨㄥ
蹊;ㄒㄧ
哎;ㄞ
壢;ㄌㄧˋ
譁;ㄧㄣ
蛛;ㄓㄨ
鑣;ㄅㄧㄠ
嚥;ㄧㄢ
懾;ㄕㄜˋ
謐;ㄇㄧˋ
閘;ㄓㄚˊ
姪;姪
喂;ㄨㄟˋ
餚;ㄧㄠˊ
尢;ㄧㄡˊ
汀;ㄊㄧㄥ
峇;峇
悚;ㄙㄨㄥˇ
纜;ㄌㄢˇ
剷;ㄔㄢˇ
噹;ㄉㄤ
咦;ㄧˊ
繭;ㄐㄧㄢˇ
湘;ㄒㄧㄤ
筱;ㄒㄧㄠˇ
窒;ㄓˋ
鴿;ㄍㄜ
膾;ㄎㄨㄞˋ
攣;ㄌㄨㄢˊ
鞘;ㄑㄧㄠˋ
曳;ㄧㄝˋ
檜;ㄍㄨㄟˋ
苞;ㄅㄠ
兜;ㄉㄡ
倪;ㄋㄧˊ
嘶;ㄙ
唔;锟?
抿;ㄇㄧㄣˇ
吱;ㄓ
牴;牴
褶;ㄓㄜˇ
妒;ㄉㄨˋ
鞠;ㄐㄩ
莒;ㄐㄩˇ
窖;ㄐㄧㄠˋ
銨;ㄢˇ
擷;ㄒㄧㄝˊ
璇;ㄒㄩㄢˊ
醛;ㄑㄩㄢˊ
硝;ㄒㄧㄠ
埤;ㄆㄧˊ
暌;ㄎㄨㄟˊ
卉;ㄏㄨㄟˋ
賃;ㄌㄧㄣˋ
茉;ㄇㄛˋ
奘;ㄗㄤˋ
頹;ㄊㄨㄟˊ
茵;ㄧㄣ
胱;ㄍㄨㄤ
灇;灇
咻;ㄒㄧㄡ
篆;ㄓㄨㄢˋ
魍;ㄨㄤˇ
魎;ㄌㄧㄤˇ
鰲;ㄚ˙ㄛˊ
邃;ㄙㄨㄟˋ
嚀;ㄋㄧㄥˊ
饅;ㄇㄢˊ
啓;ㄑㄧˇ
媲;ㄆㄧˋ
翊;ㄧˋ
娠;ㄕㄣ
逕;ㄐㄧㄥˋ
臆;ㄧˋ
馴;ㄒㄩㄣˋ
祂;祂
諫;ㄐㄧㄢˋ
扔;ㄖㄥ
懺;ㄔㄢˋ
螂;ㄌㄤˊ
菠;ㄅㄛ
苔;ㄊㄞˊ
蹄;ㄊㄧˊ
啃;ㄎㄣˇ
嫂;ㄙㄠˇ
閡;ㄏㄜˊ
脯;ㄈㄨˇ
剃;ㄊㄧˋ
嘰;ㄐㄧ
喳;ㄓㄚ
岔;ㄔㄚˋ
貂;ㄉㄧㄠ
恣;ㄗ
竇;ㄉㄡˋ
瘡;ㄔㄨㄤ
溉;ㄍㄞˋ
澆;ㄐㄧㄠ
嘖;ㄗㄜˊ
粕;ㄆㄛˋ
曠;ㄎㄨㄤˋ
狽;ㄅㄟˋ
憩;ㄑㄧˋ
暄;ㄒㄩㄢ
菩;ㄆㄨˊ
鄙;ㄅㄧˇ
醺;ㄒㄩㄣ
萍;ㄆㄧㄥˊ
刁;ㄉㄧㄠ
瘓;ㄏㄨㄢˋ
熔;ㄖㄨㄥˊ
覷;ㄑㄩˋ
遏;ㄜˋ
忐;ㄊㄢˇ
忑;ㄊㄜˋ
黝;ㄧㄡˇ
齋;ㄓㄞ
枋;ㄈㄤ
耘;ㄩㄣˊ
鉗;ㄑㄧㄢˊ
棠;ㄊㄤˊ
愴;ㄔㄨㄤˋ
丫;ㄧㄚ
殲;ㄐㄧㄢ
濡;ㄖㄨˊ
屯;ㄊㄨㄣˊ
瀆;ㄉㄨˊ
朕;ㄓㄣˋ
痰;ㄊㄢˊ
豁;ㄏㄨㄛ
輟;ㄔㄨㄛˋ
舶;ㄅㄛˊ
亙;ㄍㄣˋ
瘍;ㄧㄤˊ
樊;ㄈㄢˊ
軾;ㄕˋ
呃;ㄜˋ
瞥;ㄆㄧㄝ
鼾;ㄏㄢ
闔;ㄏㄜˊ
瘀;ㄩ
狩;ㄕㄡˋ
爍;ㄕㄨㄛˋ
蹺;ㄑㄧㄠ
戮;ㄌㄨˋ
云;ㄩㄣˊ
夭;ㄧㄠ
檀;ㄊㄢˊ
胜;ㄕㄥˋ
唾;ㄊㄨㄛˋ
硯;ㄧㄢˋ
儂;ㄋㄨㄥˊ
宥;ㄧㄡˋ
鈦;ㄊㄞˋ
穹;ㄑㄩㄥˊ
錡;锜
誹;ㄈㄟˇ
跆;ㄊㄞˊ
粵;ㄩㄝˋ
罄;ㄑㄧㄥˋ
壹;ㄧ
匣;ㄒㄧㄚˊ
栩;ㄒㄩˇ
椪;椪
碉;ㄉㄧㄠ
蜿;ㄨㄢ
蜒;ㄧㄢˊ
酋;ㄑㄧㄡˊ
薏;ㄧˋ
蔦;ㄋㄧㄠˇ
鱷;ㄜˋ
巒;ㄌㄨㄢˊ
岌;ㄐㄧˊ
媛;ㄩㄢˋ
戊;ㄨˋ
衹;ㄓ
靶;ㄅㄚˇ
厄;ㄜˋ
頑;ㄨㄢˊ
絮;ㄒㄩˋ
榛;ㄓㄣ
陝;ㄕㄢˇ
毆;ㄡ
笙;ㄕㄥ
浙;ㄓㄜˋ
淒;ㄑㄧ
遑;ㄏㄨㄤˊ
礫;ㄌㄧˋ
塭;塭
糗;ㄑㄧㄡˇ
餒;ㄋㄟˇ
飴;ㄧˊ
扉;ㄈㄟ
坂;ㄅㄢˇ
諳;ㄢ
絢;ㄒㄩㄢˋ
菓;ㄇㄠˇ
咀;ㄐㄩˇ
楣;ㄇㄟˊ
摟;ㄌㄡˇ
兢;ㄐㄧㄥ
惘;ㄨㄤˇ
魷;ㄧㄡˊ
懦;ㄋㄨㄛˋ
煽;ㄕㄢ
湃;ㄆㄞˋ
饑;ㄐㄧ
靦;ㄇㄧㄢˇ
腆;ㄊㄧㄢˇ
殯;ㄅㄧㄣˋ
軋;ㄧㄚˋ
淆;ㄒㄧㄠˊ
惺;ㄒㄧㄥ
哺;ㄅㄨˇ
榴;ㄌㄧㄡˊ
氓;ㄇㄥˊ
澂;澂
幀;ㄓㄣ
讞;ㄧㄢˋ
斃;ㄅㄧˋ
迦;ㄐㄧㄚ
厥;ㄐㄩㄝˊ
瘟;ㄨㄣ
粧;粧
砌;ㄑㄧˋ
愜;ㄑㄧㄝˋ
虔;ㄑㄧㄢˊ
渠;ㄑㄩˊ
蝟;ㄨㄟˋ
梧;ㄨˊ
踮;ㄉㄧㄢˇ
朧;ㄌㄨㄥˊ
矇;ㄇㄥ
祟;ㄙㄨㄟˋ
褻;ㄒㄧㄝˋ
砰;ㄆㄥ
驪;ㄌㄧˊ
奚;ㄒㄧ
荀;ㄒㄩㄣˊ
詔;ㄓㄠˋ
涅;ㄋㄧㄝˋ
滄;ㄘㄤ
俶;俶
蠅;ㄧㄥˊ
鯉;ㄌㄧˇ
氮;ㄉㄢˋ
蜊;ㄌㄧˋ
孢;ㄅㄠ
糜;ㄇㄧˊ
胛;ㄐㄧㄚˇ
冪;ㄇㄧˋ
譏;ㄐㄧ
堰;ㄧㄢˋ
戕;ㄑㄧㄤ
珮;珮
梓;ㄗˇ
嚷;ㄖㄤˇ
銓;ㄑㄩㄢˊ
銖;ㄓㄨ
瑄;瑄
謗;ㄅㄤˋ
杖;ㄓㄤˋ
鄂;ㄜˋ
憨;ㄏㄢ
痺;痺
睽;ㄎㄨㄟˊ
咩;ㄇㄧㄝ
邑;ㄧˋ
烷;ㄨㄢˊ
茹;ㄖㄨˊ
鞍;ㄢ
鏤;ㄌㄡˋ
栓;ㄕㄨㄢ
漩;ㄒㄩㄢˊ
緲;ㄇㄧㄠˇ
戌;ㄒㄩ
内;ㄋㄟˋ
榭;ㄒㄧㄝˋ
薡;ㄓㄨㄢ
訛;ㄜˊ
脛;ㄐㄧㄥˋ
么;ㄇㄜ˙
稟;ㄅㄧㄥˇ
漪;ㄧ
蟑;ㄓㄤ
蒡;ㄅㄤˋ
俘;ㄈㄨˊ
楠;ㄋㄢˊ
琛;ㄔㄣ
餌;ㄦˇ
樵;ㄑㄧㄠˊ
吝;ㄌㄧㄣˋ
虱;ㄕ
啪;ㄆㄚ
秤;ㄔㄥˋ
憧;ㄔㄨㄥ
憬;ㄐㄧㄥˇ
姣;ㄐㄧㄠ
恃;ㄕˋ
濺;ㄐㄧㄢˋ
垢;ㄍㄡˋ
鶩;ㄨˋ
鎢;ㄨ
嗣;ㄙˋ
慵;ㄩㄥ
愫;ㄙㄨˋ
惰;ㄉㄨㄛˋ
爹;ㄉㄧㄝ
迺;ㄒㄩㄥ
嚏;ㄊㄧˋ
猩;ㄒㄧㄥ
噩;ㄜˋ
咐;ㄈㄨˋ
癖;ㄆㄧˇ
偌;ㄖㄨㄛˋ
翌;ㄧˋ
裴;ㄆㄟˊ
傭;ㄩㄥ
痾;ㄎㄜ
帑;ㄊㄤˇ
凰;ㄏㄨㄤˊ
亟;ㄐㄧˊ
崁;崁
炬;ㄐㄩˋ
謔;ㄒㄩㄝˋ
扼;ㄜˋ
鵲;ㄑㄩㄝˋ
鵑;ㄐㄩㄢ
嗷;ㄚ˙ㄛˊ
箇;ㄍㄜˋ
撓;ㄋㄠˊ
賂;ㄌㄨˋ
磕;ㄎㄜ
潦;ㄌㄠˇ
隅;ㄩˊ
啜;ㄔㄨㄛˋ
瀝;ㄌㄧˋ
墟;ㄒㄩ
遐;ㄒㄧㄚˊ
佇;ㄓㄨˋ
墳;ㄈㄣˊ
篷;ㄆㄥˊ
翩;ㄆㄧㄢ
朦;ㄇㄥˊ
嗨;ㄏㄞ
揄;ㄩˊ
鄒;ㄗㄡ
襬;䙓
蝠;ㄈㄨˊ
啵;ㄅㄛ˙
縝;ㄓㄣˇ
蛆;ㄑㄩ
杆;ㄍㄢ
諄;ㄓㄨㄣ
圉;ㄩˇ
詬;ㄍㄡˋ
璽;ㄒㄧˇ
錚;ㄓㄥ
礬;ㄈㄢˊ
沌;ㄉㄨㄣˋ
髁;ㄎㄜ
噬;ㄕˋ
畝;ㄇㄨˇ
詼;ㄏㄨㄟˋ
盔;ㄎㄨㄟ
皚;ㄞˊ
璋;ㄓㄤ
痞;ㄆㄧˇ
鑒;ㄐㄧㄢˋ
愷;ㄎㄞˇ
舜;ㄕㄨㄣˋ
銫;ㄙㄜˋ
昀;ㄩㄣˊ
袁;ㄩㄢˊ
狙;ㄐㄩ
楔;ㄒㄧㄝ
昱;ㄩˋ
俸;ㄈㄥˋ
墩;ㄉㄨㄣ
蛔;ㄏㄨㄟˊ
渲;ㄒㄩㄢˋ
酚;ㄈㄣ
贓;ㄗㄤ
荼;ㄊㄨˊ
孳;ㄗ
斡;ㄨㄛˋ
喙;ㄏㄨㄟˋ
囧;囧
粘;ㄓㄢ
荳;ㄑㄧㄠˋ
彤;ㄊㄨㄥˊ
敖;ㄚ˙ㄛˊ
邯;ㄏㄢˊ
鄲;ㄉㄢ
檨;檨
瓏;ㄌㄨㄥˊ
酯;ㄓˇ
齦;ㄧㄣˊ
撙;ㄗㄨㄣˇ
萵;ㄨㄛ
苣;ㄐㄩˋ
姥;ㄇㄨˇ
嘅;嘅
嘍;ㄌㄡˊ
蟳;ㄍㄨㄛˊ
鳩;ㄐㄧㄡ
聾;ㄌㄨㄥˊ
蕓;ㄩㄣˊ
鞣;ㄖㄡˊ
硒;ㄒㄧ
娩;ㄇㄧㄢˇ
錠;ㄉㄧㄥˋ
瀨;ㄌㄞˋ
粑;ㄅㄚ
舀;ㄧㄠˇ
枉;ㄨㄤˇ
諛;ㄩˊ
孵;ㄈㄨ
槌;ㄔㄨㄟˊ
拮;ㄐㄧㄝˊ
据;ㄐㄩˋ
漣;ㄌㄧㄢˊ
跤;ㄐㄧㄠ
詰;ㄐㄧㄝˊ
廝;ㄙ
鋤;ㄔㄨˊ
吒;ㄓㄚˋ
逞;ㄔㄥˇ
婪;ㄌㄢˊ
渥;ㄨㄛˋ
呷;ㄒㄧㄚ
灶;ㄗㄠˋ
踴;ㄩㄥˇ
蜘;ㄓ
詛;ㄗㄨˇ
偎;ㄨㄟ
彆;ㄅㄧㄝˊ
繚;ㄌㄧㄠˊ
堀;ㄎㄨ
宝;ㄅㄠˇ
錨;ㄇㄠˊ
峨;ㄜˊ
嫖;ㄆㄧㄠˊ
耽;ㄉㄢ
喆;喆
蕃;ㄈㄢˊ
鯊;ㄕㄚ
愕;ㄜˋ
枷;ㄐㄧㄚ
緹;ㄊㄧˊ
苟;ㄍㄡˇ
咋;ㄓㄚˋ
壕;ㄏㄠˊ
柢;ㄉㄧˇ
譎;ㄐㄩㄝˊ
啷;ㄌㄤ
訕;ㄕㄢˋ
咆;ㄆㄠˊ
哽;ㄍㄥˇ
悖;ㄅㄟˋ
縈;ㄧㄥˊ
翡;ㄈㄟˇ
奐;ㄏㄨㄢˋ
擢;ㄓㄨㄛˊ
獷;ㄍㄨㄤˇ
丰;ㄈㄥ
剌;ㄌㄚˋ
虜;ㄌㄨˇ
伎;ㄐㄧˋ
湮;ㄧㄢ
憎;ㄗㄥ
鏟;ㄔㄢˇ
姒;ㄙˋ
鎌;ㄌㄧㄢˊ
遽;ㄐㄩˋ
毋;ㄨˊ
雍;ㄩㄥ
皙;ㄒㄧ
歎;ㄊㄢˋ
瑾;ㄐㄧㄣˇ
巖;ㄧㄢˊ
葫;ㄏㄨˊ
噗;ㄆㄨ
庖;ㄆㄠˊ
啄;ㄓㄨㄛˊ
揶;ㄧㄝˊ
婊;ㄅㄧㄠˇ
怦;ㄆㄥ
蝙;ㄅㄧㄢ
襟;ㄐㄧㄣ
箋;ㄐㄧㄢ
慄;ㄌㄧˋ
顓;ㄓㄨㄢ
頊;ㄒㄩˋ
鷗;ㄡ
鈍;ㄉㄨㄣˋ
篡;ㄘㄨㄢˋ
恕;ㄕㄨˋ
琮;ㄘㄨㄥˊ
衙;ㄧㄚˊ
剋;ㄎㄜˋ
噠;ㄉㄚ
詫;ㄔㄚˋ
賒;ㄕㄜ
犒;ㄎㄠˋ
浬;浬
琇;琇
踹;ㄔㄨㄞˋ
閔;ㄇㄧㄣˇ
籟;ㄌㄞˋ
瑛;ㄧㄥ
槲;ㄏㄨˊ
耙;ㄅㄚˋ
櫸;ㄐㄩˇ
隈;ㄨㄟ
葆;ㄅㄠˇ
湄;ㄇㄟˊ
妤;ㄩˊ
獾;ㄏㄨㄢ
蓁;ㄓㄣ
鴒;鸰
佬;ㄌㄠˇ
靄;ㄞˇ
剉;剉
綺;ㄑㄧˇ
喵;ㄇㄧㄠ
鏘;ㄑㄧㄤ
驊;ㄏㄨㄚˊ
鑫;ㄒㄧㄣ
凜;ㄌㄧㄣˇ
鶚;ㄜˋ
宕;ㄉㄤˋ
噶;ㄍㄚˊ
俑;ㄩㄥˇ
谢;ㄒㄧㄝˋ
个;ㄍㄜˋ
瞳;ㄊㄨㄥˊ
两;ㄌㄧㄤˇ
苓;ㄌㄧㄥˊ
噱;ㄐㄩㄝˊ
宦;ㄏㄨㄢˋ
实;ㄕˊ
没;ㄇㄟˊ
闇;ㄐㄧㄥˇ
汧;汧
蝨;ㄈㄢ
鈽;ㄅㄨ
酗;ㄒㄩˋ
毓;ㄩˋ
濂;ㄌㄧㄢˊ
颼;ㄙㄡ
帙;ㄓˋ
侖;ㄌㄨㄣˊ
撃;撃
撢;撢
騁;ㄔㄥˇ
惋;ㄨㄢˇ
咯;ㄎㄚˇ
捅;ㄊㄨㄥˇ
奸;ㄐㄧㄢ
淞;ㄙㄨㄥ
唬;ㄏㄨˇ
叱;ㄔˋ
嚎;ㄏㄠˊ
沓;ㄊㄚˋ
貯;ㄓㄨˋ
蹶;ㄐㄩㄝˊ
愣;ㄌㄥˋ
眈;ㄉㄢ
桔;ㄐㄧㄝˊ
鸚;ㄧㄥ
鵡;ㄨˇ
舔;ㄊㄧㄢˇ
唰;ㄕㄨㄚ
埂;ㄍㄥˇ
咄;ㄉㄨㄛ
僥;ㄐㄧㄠˇ
窪;ㄨㄚ
涮;ㄕㄨㄢˋ
条;ㄊㄧㄠˊ
浜;ㄅㄤ
躋;ㄐㄧ
攘;ㄖㄤˇ
搧;搧
墮;ㄉㄨㄛˋ
喫;ㄔ
漱;ㄕㄨˋ
撻;ㄊㄚˋ
坷;ㄎㄜ
踞;ㄐㄩˋ
蹣;ㄆㄢˊ
豌;ㄨㄢ
糰;ㄊㄨㄢˊ
燴;ㄏㄨㄟˋ
磋;ㄘㄨㄛ
窠;ㄎㄜ
蹂;ㄖㄡˊ
躪;ㄌㄧㄣˋ
撮;ㄘㄨㄛ
赦;ㄕㄜˋ
倏;ㄕㄨ
梢;ㄕㄠ
汛;ㄒㄩㄣˋ
丐;ㄍㄞˋ
氈;ㄓㄢ
瘠;ㄐㄧˊ
忖;ㄘㄨㄣˇ
迸;ㄅㄥˋ
囝;ㄐㄧㄢˇ
鈺;ㄩˋ
擂;ㄌㄟˊ
烽;ㄈㄥ
伉;ㄎㄤˋ
儷;ㄌㄧˋ
鐧;ㄐㄧㄢˇ
憚;ㄉㄢˋ
纂;ㄗㄨㄢˇ
蠍;ㄒㄧㄝ
喋;ㄉㄧㄝˊ
覲;ㄐㄧㄣˋ
轆;ㄌㄨˋ
潟;潟
惴;ㄓㄨㄟˋ
拗;ㄚ˙ㄛˇ
跋;ㄅㄚˊ
憫;ㄇㄧㄣˇ
邇;ㄦˇ
弭;ㄇㄧˇ
蚌;ㄅㄤˋ
拷;ㄎㄠˇ
殆;ㄉㄞˋ
咫;ㄓˇ
矜;ㄐㄧㄣ
悵;ㄔㄤˋ
淬;ㄘㄨㄟˋ
豢;ㄏㄨㄢˋ
呦;ㄧㄡ
矓;眬
鱈;ㄒㄩㄝˇ
啐;ㄘㄨㄟˋ
陡;ㄉㄡˇ
啼;ㄊㄧˊ
謄;ㄊㄥˊ
燼;ㄐㄧㄣˋ
蹇;ㄐㄧㄢˇ
羔;ㄍㄠ
磺;ㄏㄨㄤˊ
釜;ㄈㄨˇ
萁;ㄑㄧˊ
氦;ㄏㄞˋ
朔;ㄕㄨㄛˋ
祛;ㄑㄩ
肱;ㄍㄨㄥ
癇;ㄒㄧㄢˊ
佣;ㄩㄥ
搥;搥
蟠;ㄆㄢˊ
蟎;ㄇㄢˇ
碘;ㄉㄧㄢˇ
旻;旻
妁;ㄕㄨㄛˋ
搐;ㄔㄨˋ
鏖;ㄚ˙ㄛˊ
藹;ㄞˇ
揆;ㄎㄨㄟˊ
漳;ㄓㄤ
硓;硓
恒;ㄏㄥˊ
捶;ㄔㄨㄟˊ
詡;ㄒㄩˇ
猥;ㄨㄟˇ
餿;ㄙㄡ
鼬;ㄧㄡˋ
溴;ㄒㄧㄡˋ
醚;ㄇㄧˊ
呸;ㄆㄟ
躊;ㄔㄡˊ
孽;ㄋㄧㄝˋ
龕;ㄎㄢ
筧;ㄐㄧㄢˇ
晾;ㄌㄧㄤˋ
泓;ㄏㄨㄥˊ
沅;ㄩㄢˊ
撂;ㄌㄧㄠˋ
鴕;ㄊㄨㄛˊ
衩;ㄔㄚˋ
岫;ㄒㄧㄡˋ
蛟;ㄐㄧㄠ
婁;ㄌㄡˊ
擻;ㄙㄡˋ
皎;ㄐㄧㄠˇ
剁;ㄉㄨㄛˋ
匱;ㄎㄨㄟˋ
澹;ㄉㄢˋ
复;ㄈㄨˋ
靚;ㄐㄧㄥˋ
喲;yㄛ
侏;ㄓㄨ
焗;焗
鬨;ㄏㄨㄥ
鍘;ㄓㄚˊ
娣;ㄉㄧˋ
着;ㄓㄨㄛˊ
叻;ㄌㄜˋ
菈;ㄋㄟˋ
蜥;ㄒㄧ
蜴;ㄧˋ
馥;ㄈㄨˋ
鷲;ㄐㄧㄡˋ
犠;犠
弋;ㄧˋ
龢;ㄇㄟˋ
綫;ㄒㄧㄢˋ
翱;ㄚ˙ㄛˊ
孬;ㄋㄠ
潺;ㄔㄢˊ
韭;ㄐㄧㄡˇ
刨;ㄆㄠˊ
幔;ㄇㄢˋ
玶;玶
淀;ㄉㄧㄢˋ
疙;ㄍㄜ
瘩;ㄉㄚˊ
芷;ㄓˇ
瓢;ㄆㄧㄠˊ
紊;ㄨㄣˇ
嶇;ㄑㄩ
簸;ㄅㄛˋ
膿;ㄋㄨㄥˊ
憋;ㄅㄧㄝ
礪;ㄌㄧˋ
絹;ㄐㄩㄢˋ
誣;ㄨ
逍;ㄒㄧㄠ
蝗;ㄏㄨㄤˊ
繕;ㄕㄢˋ
嗑;ㄎㄜ
跩;ㄨㄟˇ
焢;焢
煨;ㄨㄟ
遁;ㄉㄨㄣˋ
袒;ㄊㄢˇ
磊;ㄌㄟˇ
吆;ㄧㄠ
芡;ㄑㄧㄢˋ
糠;ㄎㄤ
茗;ㄇㄧㄥˊ
迥;ㄐㄩㄥˇ
傀;ㄎㄨㄟˇ
儡;ㄌㄟˇ
麓;ㄌㄨˋ
蹋;ㄊㄚˋ
俚;ㄌㄧˇ
牒;ㄉㄧㄝˊ
邂;ㄒㄧㄝˋ
逅;ㄏㄡˋ
跚;ㄕㄢ
汆;ㄘㄨㄢ
臼;ㄐㄧㄡˋ
鏢;ㄅㄧㄠ
壱;壱
笈;ㄐㄧˊ
悸;ㄐㄧˋ
殉;ㄒㄩㄣˋ
釗;ㄓㄠ
燮;ㄒㄧㄝˋ
壑;ㄏㄜˋ
絀;ㄔㄨˋ
瞑;ㄇㄧㄥˊ
倭;ㄨㄛ
愿;ㄩㄢˋ
鬰;鬰
穢;ㄏㄨㄟˋ
嬗;ㄕㄢˋ
擒;ㄑㄧㄣˊ
冽;ㄌㄧㄝˋ
寰;ㄏㄨㄢˊ
屹;ㄧˋ
矢;ㄕˇ
俳;ㄆㄞˊ
嗩;ㄙㄨㄛˇ
鈸;ㄅㄛˊ
淫;ㄧㄣˊ
腓;ㄈㄟˊ
笹;笹
牟;ㄇㄡˊ
蹬;ㄉㄥ
匾;ㄅㄧㄢˇ
蛀;ㄓㄨˋ
会;ㄏㄨㄟˋ
櫚;l锟斤拷
叼;ㄉㄧㄠ
腴;ㄩˊ
掐;ㄑㄧㄚ
蜷;ㄑㄩㄢˊ
憔;ㄑㄧㄠˊ
悴;ㄘㄨㄟˋ
唏;ㄒㄧ
閭;l锟斤拷
骸;ㄏㄞˊ
噥;ㄋㄨㄥˊ
噤;ㄐㄧㄣˋ
悽;悽
壅;ㄩㄥ
遛;ㄌㄧㄡˋ
丕;ㄆㄧ
緘;ㄐㄧㄢ
笆;ㄅㄚ
呻;ㄕㄣ
蹭;ㄘㄥˋ
哆;ㄉㄨㄛ
莞;ㄍㄨㄢ
誨;ㄏㄨㄟˋ
睿;ㄖㄨㄟˋ
隕;ㄩㄣˇ
岐;ㄑㄧˊ
蠱;ㄍㄨˇ
傒;傒
駑;ㄋㄨˊ
陛;ㄅㄧˋ
閻;ㄧㄢˊ
滸;ㄏㄨˇ
胤;ㄧㄣˋ
餶;ㄅㄧㄣ
飿;ㄔㄨˇ
洵;ㄒㄩㄣˊ
啖;ㄉㄢˋ
翛;翛
稷;ㄐㄧˋ
靛;ㄉㄧㄢˋ
餉;ㄒㄧㄤˇ
嵩;ㄙㄨㄥ
佗;ㄊㄨㄛˊ
蟄;ㄓㄜˊ
鐳;ㄌㄟˊ
彗;ㄏㄨㄟˋ
錳;ㄇㄥˇ
呋;ㄈㄨ
嘈;ㄘㄠˊ
嫻;ㄒㄧㄢˊ
璧;ㄅㄧˋ
勛;ㄒㄩㄣ
礡;礡
諶;ㄔㄣˊ
煦;ㄒㄩˋ
灝;ㄏㄠˋ
焊;ㄏㄢˋ
帷;ㄨㄟˊ
鋇;ㄅㄟˋ
擘;ㄅㄛˋ
葳;ㄨㄟ
罔;ㄨㄤˇ
殤;ㄕㄤ
昶;ㄔㄤˇ
焜;焜
渤;ㄅㄛˊ
冀;ㄐㄧˋ
缽;ㄅㄛ
簫;ㄒㄧㄠ
婕;ㄐㄧㄝˊ
嬸;ㄕㄣˇ
欉;欉
颳;ㄍㄨㄚ
嫣;ㄧㄢ
鎚;ㄔㄨㄟˊ
犍;ㄐㄧㄢ
貳;ㄦˋ
瀛;ㄧㄥˊ
噍;ㄐㄧㄠˋ
哖;哖
瞇;瞇
坍;ㄊㄢ
豉;ㄔˇ
妲;ㄉㄚˊ
幢;ㄔㄨㄤˊ
鏗;ㄎㄥ
稜;ㄌㄥˊ
苳;ㄗㄠ
麂;ㄐㄧˇ
邋;ㄌㄚ
遢;ㄊㄚˋ
洄;ㄏㄨㄟˊ
筏;ㄈㄚˊ
猷;ㄧㄡˊ
彣;彣
頜;ㄏㄜˊ
衊;ㄇㄧㄝˋ
陞;ㄕㄥ
瑙;ㄋㄠˇ
剿;ㄐㄧㄠˇ
徜;ㄔㄤˊ
峭;ㄑㄧㄠˋ
鰓;ㄙㄞ
錙;ㄗ
玟;ㄇㄧㄣˊ
甭;ㄅㄥˊ
怀;ㄏㄨㄞˊ
説;ㄕㄨㄛ
捱;ㄞ
摳;ㄎㄡ
坨;ㄊㄨㄛˊ
柿;ㄕˋ
饌;ㄓㄨㄢˋ
霓;ㄋㄧˊ
煜;ㄩˋ
咗;咗
丶;ㄓㄨˇ
当;ㄉㄤ
现;ㄒㄧㄢˋ
说;ㄕㄨㄛ
莽;ㄇㄤˇ
筊;筊
謁;ㄧㄝˋ
茯;ㄈㄨˊ
蚤;ㄗㄠˇ
捋;ㄌㄨㄛ
暉;ㄏㄨㄟ
驍;ㄒㄧㄠ
轅;ㄩㄢˊ
敝;ㄅㄧˋ
戛;ㄐㄧㄚˊ
寥;ㄌㄧㄠˊ
羌;ㄑㄧㄤ
賁;ㄅㄧˋ
蜈;ㄨˊ
蚣;ㄍㄨㄥ
蠔;蠔
飪;ㄖㄣˋ
滇;ㄉㄧㄢ
薔;ㄑㄧㄤˊ
爌;爌
殮;ㄌㄧㄢˋ
毁;ㄏㄨㄟˇ
并;ㄅㄧㄥˋ
椏;ㄧㄚ
渭;ㄨㄟˋ
螯;ㄚ˙ㄛˊ
藷;ㄨㄚˇ
鰭;ㄑㄧˊ
吔;吔
寐;ㄇㄟˋ
紜;ㄩㄣˊ
蹉;ㄘㄨㄛ
跎;ㄊㄨㄛˊ
砭;ㄅㄧㄢ
躡;ㄋㄧㄝˋ
佯;ㄧㄤˊ
砥;ㄉㄧˇ
詣;ㄧˋ
彝;ㄧˊ
紈;ㄨㄢˊ
沽;ㄍㄨ
嚓;ㄘㄚ
簍;ㄌㄡˇ
腩;ㄋㄢˇ
杳;ㄧㄠˇ
烊;ㄧㄤˊ
酣;ㄏㄢ
嗇;ㄙㄜˋ
蜚;ㄈㄟ
懵;ㄇㄥˇ
煸;ㄅㄧㄢ
葷;ㄏㄨㄣ
壬;ㄖㄣˊ
麴;ㄑㄩ
荏;ㄖㄣˇ
鰹;ㄐㄧㄢ
菅;ㄐㄧㄢ
恵;恵
乗;乗
髭;ㄗ
猙;ㄓㄥ
獰;ㄋㄧㄥˊ
扈;ㄏㄨˋ
艮;ㄍㄣˋ
擀;ㄍㄢˇ
綑;綑
騖;ㄨˋ
咨;ㄗ
瘼;ㄇㄛˋ
哏;ㄍㄣˊ
捫;ㄇㄣˊ
叩;ㄎㄡˋ
鉚;ㄇㄠˇ
崴;ㄨㄞˇ
忻;ㄒㄧㄣ
纓;ㄧㄥ
犢;ㄉㄨˊ
瑠;瑠
璿;璿
孱;ㄔㄢˊ
懨;ㄧㄢ
塾;ㄕㄨˊ
泱;ㄧㄤ
慫;ㄙㄨㄥˇ
恿;ㄩㄥˇ
孀;ㄕㄨㄤ
黷;ㄉㄨˊ
韜;ㄊㄠ
齎;ㄐㄧ
櫫;ㄓㄨ
儆;ㄐㄧㄥˇ
擭;擭
闕;ㄑㄩㄝˋ
愾;ㄎㄞˋ
赳;ㄐㄧㄡ
孜;ㄗ
辮;ㄅㄧㄢˋ
桅;ㄨㄟˊ
匕;ㄅㄧˇ
覬;ㄐㄧˋ
覦;ㄩˊ
閧;ㄇㄠˋ
褒;ㄅㄠˇ
仆;ㄆㄨ
嘀;ㄉㄧˊ
机;ㄐㄧ
畚;ㄅㄣˇ
箕;ㄐㄧ
迂;ㄩ
踟;ㄔˊ
舷;ㄒㄧㄢˊ
粼;ㄌㄧㄣˊ
樽;ㄗㄨㄣ
褙;ㄅㄟˋ
闍;阇
吁;ㄒㄩ
胳;ㄍㄜ
倌;ㄍㄨㄢ
鍥;ㄑㄧㄝˋ
驢;l锟斤拷
惻;ㄘㄜˋ
綦;ㄑㄧˊ
鷺;ㄌㄨˋ
惆;ㄔㄡˊ
礴;ㄅㄛˊ
雁;ㄧㄢˋ
嬋;ㄔㄢˊ
摀;摀
碴;ㄔㄚˊ
鐲;ㄓㄨㄛˊ
銬;ㄎㄠˋ
檎;ㄑㄧㄣˊ
攫;ㄐㄩㄝˊ
褓;ㄅㄠˇ
嘮;ㄌㄠˋ
蒞;ㄌㄧˋ
忤;ㄨˇ
濘;ㄋㄧㄥˋ
弩;ㄋㄨˇ
吠;ㄈㄟˋ
孚;ㄈㄨˊ
咂;ㄗㄚ
冗;ㄖㄨㄥˇ
嗦;ㄙㄨㄛ˙
浹;ㄐㄧㄚ
拽;ㄓㄨㄞˋ
惚;ㄏㄨ
脩;脩
螳;ㄊㄤˊ
岬;ㄐㄧㄚˇ
黔;ㄑㄧㄢˊ
屌;屌
飭;ㄔˋ
骰;ㄊㄡˊ
殞;ㄩㄣˇ
噔;ㄉㄥ
咿;ㄧ
吡;ㄆㄧˇ
蜆;ㄒㄧㄢˇ
弼;ㄅㄧˋ
爻;ㄧㄠˊ
腠;ㄘㄡˋ
瘢;ㄅㄢ
硼;ㄆㄥˊ
錸;ㄌㄞˊ
椿;ㄔㄨㄣ
麝;ㄕㄜˋ
蹴;ㄘㄨˋ
揠;ㄧㄚˋ
枇;ㄆㄧˊ
杷;ㄆㄚˊ
芾;ㄈㄟˋ
瘜;瘜
滌;ㄉㄧˊ
覘;ㄔㄢ
褫;ㄔˇ
淯;淯
藕;ㄡˇ
鬪;鬪
嗶;ㄅㄧˋ
掄;ㄌㄨㄣ
珉;ㄇㄧㄣˊ
頴;ㄉㄧㄢ
渕;渕
浚;ㄐㄩㄣˋ
鯰;ㄋㄧㄢˊ
罈;ㄊㄢˊ
巽;ㄒㄩㄣˋ
驛;ㄧˋ
唳;ㄌㄧˋ
壠;ㄌㄨㄥˇ
鋌;ㄊㄧㄥˇ
薹;ㄊㄞˊ
唭;唭
悧;悧
褚;ㄓㄨˇ
鎰;ㄧˋ
賑;ㄓㄣˋ
柺;柺
劊;ㄍㄨㄟˋ
嶸;ㄖㄨㄥˊ
竺;ㄓㄨˊ
嘸;ㄈㄨˇ
崢;ㄓㄥ
葦;ㄨㄟˇ
嶽;ㄩㄝˋ
臧;ㄗㄤ
嬛;嬛
斕;ㄌㄢˊ
碾;ㄋㄧㄢˇ
鯤;ㄎㄨㄣ
鯓;ㄐㄩㄥˇ
雋;ㄐㄩㄣˋ
嬿;嬿
邵;ㄕㄠˋ
孃;孃
吮;ㄕㄨㄣˇ
掬;ㄐㄩ
蓪;ㄇㄞˋ
莘;ㄕㄣ
谿;谿
楝;ㄌㄧㄢˋ
躇;ㄔㄨˊ
碇;ㄉㄧㄥˋ
摒;ㄅㄧㄥˋ
煇;煇
昊;ㄏㄠˋ
孑;ㄐㄧㄝˊ
孓;ㄐㄩㄝˊ
荐;ㄐㄧㄢˋ
馗;ㄎㄨㄟˊ
玠;玠
熠;ㄧˋ
遨;ㄚ˙ㄛˊ
鶉;ㄔㄨㄣˊ
籐;籐
楨;ㄓㄣ
辻;ㄔㄥˇ
綵;ㄘㄞˇ
岑;ㄘㄣˊ
皓;ㄏㄠˋ
榫;ㄙㄨㄣˇ
椹;ㄓㄣ
阜;ㄈㄨˋ
鱸;ㄌㄨˊ
雹;ㄅㄠˊ
叡;叡
冉;ㄖㄢˇ
扞;扞
坌;ㄅㄣˋ
鳯;ㄐㄧㄝˊ
徉;ㄧㄤˊ
恪;ㄎㄜˋ
冶;ㄧㄝˇ
砧;ㄓㄣ
熨;ㄩㄣˋ
睦;ㄇㄨˋ
妯;ㄓㄡˊ
娌;ㄌㄧˇ
鬃;ㄗㄨㄥ
肴;ㄧㄠˊ
萼;ㄜˋ
氬;ㄧㄚˋ
攙;ㄔㄢ
胼;ㄆㄧㄢˊ
胝;ㄓ
仝;ㄊㄨㄥˊ
捻;ㄋㄧㄢˇ
揍;ㄗㄡˋ
赞;ㄗㄢˋ
题;ㄊㄧˊ
体;ㄊㄧˇ
强;ㄑㄧㄤˊ
够;ㄍㄡˋ
们;ㄇㄣˊ
吗;ㄇㄚˊ
儸;㑩
员;ㄩㄢˊ
玳;ㄉㄞˋ
瑁;ㄇㄠˋ
洨;洨
洸;洸
万;ㄨㄢˋ
倩;ㄑㄧㄢˋ
証;証
圃;ㄆㄨˇ
淦;ㄍㄢˋ
梟;ㄒㄧㄠ
軔;ㄖㄣˋ
蜀;ㄕㄨˇ
羯;ㄐㄧㄝˊ
带;ㄉㄞˋ
时;ㄕˊ
发;ㄈㄚ
几;ㄐㄧ
为;ㄨㄟˊ
处;ㄔㄨˇ
掣;ㄔㄜˋ
佃;ㄉㄧㄢˋ
裘;ㄑㄧㄡˊ
俁;ㄩˇ
鴞;鸮
鈾;ㄧㄡˊ
燿;燿
瞅;ㄔㄡˇ
淌;ㄊㄤˇ
鐽;鐽
搆;搆
摃;摃
荃;ㄑㄩㄢˊ
膺;ㄧㄥ
鎔;ㄏㄨ
尉;ㄨㄟˋ
鉑;ㄅㄛˊ
沆;ㄏㄤˋ
瀣;ㄒㄧㄝˋ
鱧;ㄌㄧˇ
汾;ㄈㄣˊ
戾;ㄌㄧˋ
俥;俥
盹;ㄉㄨㄣˇ
鹵;ㄌㄨˇ
攢;ㄗㄢˇ
炕;ㄎㄤˋ
癆;ㄌㄠˊ
瘧;n锟斤拷ㄜˋ
艽;ㄑㄧㄡˊ
捎;ㄕㄠ
饞;ㄔㄢˊ
嬪;ㄆㄧㄣˊ
秸;ㄐㄧㄝ
酉;ㄧㄡˇ
嫗;ㄩˋ
辟;ㄅㄧˋ
葺;ㄑㄧˋ
舵;ㄉㄨㄛˋ
拈;ㄋㄧㄢ
狡;ㄐㄧㄠˇ
猾;ㄏㄨㄚˊ
箴;ㄓㄣ
葩;ㄆㄚ
嫘;ㄌㄟˊ
妘;妘
媯;ㄍㄨㄟ
苡;ㄧˇ
鼯;ㄨˊ
祁;ㄑㄧˊ
鎏;ㄌㄧㄡˊ
邈;ㄇㄧㄠˇ
蕁;ㄑㄧㄢˊ
冇;冇
袤;ㄇㄠˋ
襉;ㄒㄧˋ
袂;ㄇㄟˋ
藜;ㄌㄧˊ
泔;ㄍㄢ
鯧;ㄔㄤ
嗲;ㄉㄧㄚˇ
鉻;ㄍㄜˋ
枸;ㄐㄩˇ
杞;ㄑㄧˇ
腋;ㄧㄝˋ
双;ㄕㄨㄤ
蕈;ㄒㄩㄣˋ
珂;ㄎㄜ
淙;ㄘㄨㄥˊ
塹;ㄑㄧㄢˋ
箍;ㄍㄨ
镜;ㄐㄧㄥˋ
厰;厰
跛;ㄅㄛˇ
蹚;ㄩˇ
担;ㄉㄢ
柒;ㄑㄧ
甥;ㄕㄥ
菟;ㄊㄨˋ
畑;畑
簣;ㄎㄨㄟˋ
偃;ㄧㄢˇ
殄;ㄊㄧㄢˇ
苺;ㄑㄧ
蓆;ㄍㄠˋ
泯;ㄇㄧㄣˇ
幌;ㄏㄨㄤˇ
淖;ㄋㄠˋ
醍;ㄊㄧˊ
醐;ㄏㄨˊ
痍;ㄧˊ
惦;ㄉㄧㄢˋ
鯷;ㄅㄛ
鯽;ㄐㄧˋ
鰤;鰤
薙;ㄩㄢˊ
栖;ㄑㄧ
鶏;ㄆㄚˊ
嵯;ㄘㄨㄛˊ
諏;ㄗㄡ
瘖;瘖
贍;ㄕㄢˋ
訥;ㄋㄜˋ
崽;ㄗㄞˇ
釆;ㄓˋ
祢;ㄇㄧˊ
穠;秾
紉;ㄖㄣˋ
瘸;ㄑㄩㄝˊ
滂;ㄆㄤ
竣;ㄐㄩㄣˋ
殃;ㄧㄤ
冲;ㄔㄨㄥ
諍;ㄓㄥˋ
莠;ㄧㄡˇ
顰;ㄆㄧㄣˊ
閑;ㄒㄧㄢˊ
謨;ㄇㄛˊ
疴;ㄎㄜ
捺;ㄋㄚˋ
箝;ㄑㄧㄢˊ
忝;ㄊㄧㄢˇ
邰;ㄊㄞˊ
哂;ㄕㄣ
讒;ㄔㄢˊ
廄;ㄐㄧㄡˋ
糸;ㄇㄧˋ
誔;ㄅㄢˋ
襤;ㄌㄢˊ
褸;l锟斤拷
乩;ㄐㄧ
彫;彫
辿;ㄘㄨㄥˊ
麾;ㄏㄨㄟ
讎;ㄔㄡˊ
煬;ㄧㄤˊ
鈿;ㄉㄧㄢˋ
雫;ㄧㄡˇ
泫;ㄒㄩㄢˋ
躕;ㄔㄨˊ
怵;ㄔㄨˋ
漶;ㄏㄨㄢˋ
鬢;ㄅㄧㄣˋ
盂;ㄩˊ
酹;ㄌㄟˋ
綾;ㄌㄧㄥˊ
楮;ㄔㄨˇ
埠;ㄅㄨˋ
帚;ㄓㄡˇ
窿;ㄌㄨㄥˊ
忸;ㄋㄧㄡˇ
怩;ㄋㄧˊ
蕯;ㄑㄩㄥˊ
舢;ㄕㄢ
舨;ㄅㄢˇ
臃;ㄩㄥ
窈;ㄧㄠˇ
窕;ㄊㄧㄠˇ
痂;ㄐㄧㄚ
晌;ㄕㄤˇ
罣;罣
啁;ㄓㄡ
冱;ㄏㄨˋ
齧;ㄧㄢˋ
羿;ㄧˋ
犖;ㄌㄨㄛˋ
纛;ㄉㄠˋ
雉;ㄓˋ
襠;ㄉㄤ
囔;ㄋㄤ
鐺;ㄉㄤ
蹙;ㄘㄨˋ
挲;ㄙㄨㄛ
躑;ㄓˊ
躅;ㄓㄨˊ
襁;ㄑㄧㄤˇ
倔;ㄐㄩㄝˊ
敕;ㄔˋ
賡;ㄍㄥ
鑞;ㄒㄩㄢ
掂;ㄉㄧㄢ
鈎;ㄍㄡ
裳;ㄔㄤˊ
霎;ㄕㄚˋ
鱒;ㄗㄨㄣ
鯡;ㄈㄟ
呤;ㄌㄧㄥˊ
柩;ㄐㄧㄡˋ
臊;ㄙㄠ
吭;ㄏㄤˊ
匍;ㄆㄨˊ
匐;ㄈㄨˊ
䠷;䠷
縷;l锟斤拷
畤;畤
僭;ㄐㄧㄢˋ
郩;ㄏㄨㄤˋ
阨;阨
婢;ㄅㄧˋ
瞌;ㄎㄜ
嗤;ㄔ
睢;ㄙㄨㄟ
廡;ㄨˇ
徇;ㄒㄩㄣˋ
囹;ㄌㄧㄥˊ
圄;ㄩˇ
峒;ㄊㄨㄥˊ
汴;ㄅㄧㄢˋ
彧;彧
鬻;ㄩˋ
謫;ㄓㄜˊ
鱔;ㄕㄢˋ
焯;ㄓㄨㄛ
罎;ㄊㄢˊ
觥;ㄍㄨㄥ
瓤;ㄖㄤˊ
裨;ㄅㄧˋ
瘴;ㄓㄤˋ
癘;ㄌㄧˋ
璸;璸
輊;ㄓˋ
啶;ㄉㄧㄥˋ
芦;ㄌㄨˊ
觴;ㄕㄤ
郤;ㄩㄣˊ
洇;ㄧㄣ
挀;挀
歛;歛
驀;ㄇㄛˋ
疝;ㄕㄢˋ
魘;ㄧㄢˇ
猖;ㄔㄤ
獗;ㄐㄩㄝˊ
痤;ㄘㄨㄛˊ
睥;ㄅㄧˋ
睨;ㄋㄧˋ
褵;褵
啻;ㄔˋ
豺;ㄔㄞˊ
櫪;ㄌㄧˋ
峯;峯
唁;ㄧㄢˋ
俎;ㄗㄨˇ
蘅;ㄏㄥˊ
涌;ㄩㄥˇ
玨;玨
庾;ㄩˇ
媧;ㄨㄚ
囈;ㄧˋ
蘸;ㄓㄢˋ
琊;ㄧㄚˊ
焱;ㄧㄢˋ
妗;ㄐㄧㄣˋ
瀅;ㄧㄥˊ
拴;ㄕㄨㄢ
祓;ㄈㄨˊ
黐;ㄆㄤˋ
曇;ㄊㄢˊ
珣;珣
滉;滉
颺;ㄓㄚ
奼;ㄔㄚˋ
栢;栢
盅;ㄓㄨㄥ
麋;ㄇㄧˊ
媺;媺
浯;ㄨˊ
拄;ㄓㄨˇ
涎;ㄒㄧㄢˊ
倢;倢
洧;ㄨㄟˇ
綝;綝
漚;ㄡˋ
韾;ㄊㄧㄥˊ
茼;ㄊㄨㄥˊ
蒿;ㄏㄠ
圮;ㄆㄧˇ
鵪;ㄢ
蓊;ㄨㄥˇ
蒟;ㄓㄨㄛˊ
蒻;ㄐㄩㄢˋ
宸;ㄔㄣˊ
鈷;ㄍㄨˇ
猝;ㄘㄨˋ
裎;ㄔㄥˊ
餽;餽
幃;ㄨㄟˊ
琨;ㄎㄨㄣ
檁;ㄌㄧㄣˇ
桁;ㄏㄥˊ
餞;ㄐㄧㄢˋ
涂;ㄊㄨˊ
暐;暐
姵;姵
蠵;蠵
垵;ㄢˇ
蓀;ㄙㄨㄣ
秧;ㄧㄤ
蛺;ㄐㄧㄚˊ
炔;ㄑㄩㄝ
槭;ㄑㄧˋ
貽;ㄧˊ
苖;ㄩㄣˋ
臻;ㄓㄣ
媾;ㄍㄡˋ
卹;卹
仟;ㄑㄧㄢ
氟;ㄈㄨˊ
鴛;ㄩㄢ
鴦;ㄧㄤ
覻;ㄉㄠˇ
塽;塽
拺;拺
綪;綪
桀;ㄐㄧㄝˊ
皴;ㄘㄨㄣ
悌;ㄊㄧˋ
輓;ㄨㄢˇ
狷;ㄐㄩㄢˋ
稔;ㄖㄣˇ
祅;祅
噘;ㄐㄩㄝ
苧;ㄓㄨˋ
枴;枴
莢;ㄐㄧㄚˊ
莧;ㄒㄧㄢˋ
鑷;ㄋㄧㄝˋ
羧;ㄙㄨㄛ
酐;ㄍㄢ
訖;ㄑㄧˋ
吩;ㄈㄣ
鐮;ㄌㄧㄢˊ
隘;ㄞˋ
櫛;ㄓˋ
写;ㄒㄧㄝˇ
话;ㄏㄨㄚˋ
齐;ㄑㄧˊ
灵;ㄌㄧㄥˊ
气;ㄑㄧˋ
颇;ㄆㄛ
睇;ㄉㄧˋ
駡;ㄇㄚˋ
妏;妏
呴;呴
请;ㄑㄧㄥˇ
问;ㄨㄣˋ
样;ㄧㄤˋ
饺;ㄐㄧㄠˇ
繒;ㄗㄥ
痴;ㄔ
蜓;ㄊㄧㄥˊ
宫;ㄍㄨㄥ
冏;冏
鈹;ㄆㄧˊ
鍶;ㄙ
鈧;ㄎㄤˋ
顔;ㄧㄢˊ
唆;ㄙㄨㄛ
莲;ㄌㄧㄢˊ
煲;ㄅㄠ
慟;ㄊㄨㄥˋ
煒;ㄨㄟˇ
嘞;ㄌㄟ˙
祑;祑
醮;ㄐㄧㄠˋ
庠;ㄒㄧㄤˊ
俺;ㄢˇ
焄;焄
凖;凖
幪;幪
喰;喰
岀;岀
嵾;嵾
楳;楳
渝;ㄩˊ
产;ㄔㄢˇ
随;ㄙㄨㄟˊ
携;ㄒㄧㄝˊ
湿;ㄕ
纸;ㄓˇ
边;ㄅㄧㄢ
晓;ㄒㄧㄠˇ
头;ㄊㄡˊ
经;ㄐㄧㄥ
伟;ㄨㄟˇ
縂;縂
创;ㄔㄨㄤˋ
挠;ㄋㄠˊ
动;ㄉㄨㄥˋ
艰;ㄐㄧㄢ
难;ㄋㄢˊ
爱;ㄞˋ
赮;ㄑㄩㄣˊ
这;ㄓㄜˋ
鹦;ㄧㄥ
鹉;ㄨˇ
养;ㄧㄤˇ
劵;劵
戟;ㄐㄧˇ
獍;ㄐㄧㄥˋ
远;ㄩㄢˇ
昕;ㄒㄧㄣ
魑;ㄔ
膊;ㄅㄛˊ
婀;ㄜ
甌;ㄡ
暝;ㄇㄧㄥˊ
旮;ㄍㄚ
孿;ㄌㄨㄢˊ
隼;ㄙㄨㄣˇ
蛾;ㄜˊ
芩;ㄑㄧㄣˊ
扦;ㄑㄧㄢ
壊;壊
猫;ㄇㄠ
脱;ㄊㄨㄛ
衭;ㄆㄢˇ
觉;ㄐㄩㄝˊ
银;ㄧㄣˊ
战;ㄓㄢˋ
类;ㄌㄟˋ
銥;ㄧ
墘;墘
筑;ㄓㄨˋ
杠;ㄍㄤˋ
听;ㄊㄧㄥ
却;ㄑㄩㄝˋ
来;ㄌㄞˊ
业;ㄧㄝˋ
绩;ㄐㄧˋ
潜;ㄑㄧㄢˊ
质;ㄓˋ
间;ㄐㄧㄢ
拥;ㄩㄥ
嬷;ㄇㄛˊ
榷;ㄑㄩㄝˋ
倨;ㄐㄩˋ
愓;愓
幗;ㄍㄨㄛˊ
慓;慓
饈;ㄒㄧㄡ
釧;ㄔㄨㄢˋ
鲁;ㄌㄨˇ
纳;ㄋㄚˋ
夸;ㄎㄨㄚ
渚;ㄓㄨˇ
俋;俋
鐶;ㄤˊ
嚞;嚞
嘜;ㄇㄚˋ
恙;ㄧㄤˋ
蔑;ㄇㄧㄝˋ
韃;ㄉㄚˊ
靼;ㄉㄚˊ
霆;ㄊㄧㄥˊ
戍;ㄕㄨˋ
畿;ㄐㄧ
啕;ㄊㄠˊ
綹;ㄌㄧㄡˇ
佝;ㄍㄡ
僂;l锟斤拷
篾;ㄇㄧㄝˋ
蹩;ㄅㄧㄝˊ
遝;gi
沏;ㄑㄧ
藐;ㄇㄧㄠˇ
抔;抔
巍;ㄨㄟ
夙;ㄙㄨˋ
縹;ㄆㄧㄠˇ
燁;ㄧㄝˋ
襖;ㄚ˙ㄛˇ
埒;ㄌㄧㄝˋ
帔;ㄆㄟˋ
倜;ㄊㄧˋ
儻;ㄊㄤˇ
窸;窸
窣;窣
熏;ㄒㄩㄣ
慪;ㄡˋ
痢;ㄌㄧˋ
灃;ㄈㄥ
嫺;嫺
黜;ㄔㄨˋ
撚;撚
訢;䜣
誥;ㄍㄠˋ
騾;ㄌㄨㄛˊ
秫;ㄕㄨˊ
稈;ㄍㄢˇ
罅;ㄒㄧㄚˋ
湎;ㄇㄧㄢˇ
燹;ㄒㄧㄢˇ
茬;ㄔㄚˊ
舂;ㄔㄨㄥ
鐙;ㄉㄥˋ
讖;ㄔㄣˋ
嗥;ㄏㄠˊ
琬;ㄨㄢˇ
躥;ㄘㄨㄢ
挈;ㄑㄧㄝˋ
馱;ㄊㄨㄛˊ
擤;ㄒㄧㄥˇ
蹧;ㄧㄥˇ
潸;ㄕㄢ
曜;ㄧㄠˋ
鑛;ㄅㄞˇ
獺;ㄊㄚˇ
懋;ㄇㄠˋ
訶;ㄏㄜ
晧;晧
霑;霑
伕;伕
佾;ㄧˋ
隴;ㄌㄨㄥˇ
濯;ㄓㄨㄛˊ
荇;ㄒㄧㄥˋ
迤;ㄧˇ
邐;ㄌㄧˇ
嬴;ㄧㄥˊ
禹;ㄩˇ
荖;ㄗㄨㄣˇ
頷;ㄏㄢˋ
篁;ㄏㄨㄤˊ
棱;ㄌㄥˊ
壙;ㄎㄨㄤˋ
鉢;ㄅㄛ
綬;ㄕㄡˋ
蹁;ㄆㄧㄢˊ
緙;ㄎㄜˋ
奩;ㄌㄧㄢˊ
穉;穉
畬;畬
澠;ㄇㄧㄢˇ
罌;ㄧㄥ
麈;ㄓㄨˇ
玆;玆
嶙;ㄌㄧㄣˊ
峋;ㄒㄩㄣˊ
羣;羣
鈐;ㄑㄧㄢˊ
燾;ㄉㄠˋ
骷;ㄎㄨ
髏;ㄌㄡˊ
涸;ㄏㄜˊ
瀲;ㄌㄧㄢˋ
狎;ㄒㄧㄚˊ
獼;ㄇㄧˊ
垣;ㄩㄢˊ
漉;ㄌㄨˋ
癸;ㄍㄨㄟˇ
銠;ㄌㄠˇ
踉;ㄌㄧㄤˊ
蹌;ㄑㄧㄤ
縟;ㄖㄨˋ
黠;ㄒㄧㄚˊ
颯;ㄙㄚˋ
忪;ㄙㄨㄥ
銚;ㄉㄧㄠˋ
胗;ㄓㄣ
溽;ㄖㄨˋ
赭;ㄓㄜˇ
蘚;ㄒㄧㄢˇ
貲;ㄗ
騏;ㄑㄧˊ
葚;ㄕㄣˋ
櫺;櫺
冑;冑
懿;ㄧˋ
擰;ㄋㄧㄥˊ
袪;ㄉㄧˋ
痔;ㄓˋ
齲;ㄑㄩˇ
縐;ㄓㄡˋ
戸;戸
諡;ㄌㄨˋ
婺;ㄨˋ
垛;ㄉㄨㄛˇ
箸;ㄓㄨˋ
汎;汎
熘;ㄌㄧㄡˊ
梠;梠
苒;ㄖㄢˇ
羰;ㄊㄤ
盥;ㄍㄨㄢˋ
洱;ㄦˇ
赧;ㄋㄢˇ
蹓;ㄚ˙ㄛˋ
躂;ㄧㄢ
瑿;瑿
膈;ㄍㄜˊ
銣;ㄖㄨˊ
肛;ㄍㄤ
痣;ㄓˋ
嗝;ㄍㄜˊ
鉸;ㄐㄧㄠˇ
蹼;ㄆㄨˇ
燄;燄
鋐;ㄇㄣˊ
舛;ㄔㄨㄢˇ
鈜;鈜
鎵;ㄐㄧㄚ
燡;燡
别;ㄅㄧㄝˊ
户;ㄏㄨˋ
験;験
歩;歩
瀋;ㄕㄣˇ
僞;ㄨㄟˇ
麽;ㄇㄜ˙
閲;ㄩㄝˋ
挟;ㄒㄧㄝˊ
攖;ㄧㄥ
碶;碶
汕;ㄕㄢˋ
抝;抝
叟;ㄙㄡˇ
胭;ㄧㄢ
愤;ㄈㄣˋ
湾;ㄨㄢ
还;ㄏㄨㄢˊ
国;ㄍㄨㄛˊ
俟;ㄙˋ
爰;ㄩㄢˊ
氤;ㄧㄣ
氳;ㄩㄣ
枒;枒
犁;ㄌㄧˊ
儈;ㄎㄨㄞˋ
萹;萹
懣;ㄇㄣˋ
嗔;ㄔㄣ
聒;ㄍㄨㄛ
懟;ㄉㄨㄟˋ
涇;ㄐㄧㄥ
幄;ㄨㄛˋ
璁;ㄘㄨㄥ
産;ㄔㄢˇ
醂;ㄒㄧˇ
蜢;ㄇㄥˇ
洙;ㄓㄨ
鰱;ㄌㄧㄢˊ
蛸;ㄒㄧㄠ
刈;ㄧˋ
蓓;ㄅㄟˋ
賬;ㄓㄤˋ
僖;ㄒㄧ
参;ㄘㄢ
楦;ㄒㄩㄢˋ
荽;ㄙㄨㄟ
溏;ㄊㄤˊ
茭;ㄐㄧㄠ
綏;ㄙㄨㄟˊ
鍺;ㄓㄜˇ
胯;ㄎㄨㄚˋ
湅;湅
欒;ㄌㄨㄢˊ
芎;ㄒㄩㄥ
桕;ㄐㄧㄡˋ
鴝;ㄑㄩˊ
鶇;ㄉㄨㄥ
鵯;ㄅㄟ
銹;ㄒㄧㄡˋ
褥;ㄖㄨˋ